TimeStamp,Delta_TP9,Delta_AF7,Delta_AF8,Delta_TP10,Theta_TP9,Theta_AF7,Theta_AF8,Theta_TP10,Alpha_TP9,Alpha_AF7,Alpha_AF8,Alpha_TP10,Beta_TP9,Beta_AF7,Beta_AF8,Beta_TP10,Gamma_TP9,Gamma_AF7,Gamma_AF8,Gamma_TP10,RAW_TP9,RAW_AF7,RAW_AF8,RAW_TP10,AUX_RIGHT,Accelerometer_X,Accelerometer_Y,Accelerometer_Z,Gyro_X,Gyro_Y,Gyro_Z,HeadBandOn,HSI_TP9,HSI_AF7,HSI_AF8,HSI_TP10,Battery,Elements
10:30:28.577,0.44643235,-0.21869656,0.38677758,0.24410115,0.2872256,-0.41382375,-0.06563576,0.23958567,0.33010334,-0.054812353,-0.2321782,0.53807074,0.40090314,-0.13543622,-0.40179345,0.2887728,0.04856459,-0.40192425,-0.79496074,-0.24193583,825.2015,825.2015,825.2015,825.2015,824.7985,-0.25372314453125,0.04852294921875,0.95849609375,2.0037841796875,-3.81317138671875,-0.097198486328125,1.0,1.0,1.0,1.0,1.0,85.0,event
10:30:28.579,0.44643235,-0.21869656,0.38677758,0.24410115,0.2872256,-0.41382375,-0.06563576,0.23958567,0.33010334,-0.054812353,-0.2321782,0.53807074,0.40090314,-0.13543622,-0.40179345,0.2887728,0.04856459,-0.40192425,-0.79496074,-0.24193583,825.2015,825.2015,825.2015,825.2015,824.7985,-0.25372314453125,0.04852294921875,0.95849609375,2.0037841796875,-3.81317138671875,-0.097198486328125,1.0,1.0,1.0,1.0,1.0,85.0,event
10:30:28.580,0.44643235,-0.21869656,0.38677758,0.24410115,0.2872256,-0.41382375,-0.06563576,0.23958567,0.33010334,-0.054812353,-0.2321782,0.53807074,0.40090314,-0.13543622,-0.40179345,0.2887728,0.04856459,-0.40192425,-0.79496074,-0.24193583,823.9927,823.5897,824.7985,823.5897,827.2161,-0.25372314453125,0.04852294921875,0.95849609375,2.0037841796875,-3.81317138671875,-0.097198486328125,1.0,1.0,1.0,1.0,1.0,85.0,event
10:30:28.581,0.44643235,-0.21869656,0.38677758,0.24410115,0.2872256,-0.41382375,-0.06563576,0.23958567,0.33010334,-0.054812353,-0.2321782,0.53807074,0.40090314,-0.13543622,-0.40179345,0.2887728,0.04856459,-0.40192425,-0.79496074,-0.24193583,826.8132,827.619,825.6044,827.619,819.5604,-0.25372314453125,0.04852294921875,0.95849609375,2.0037841796875,-3.81317138671875,-0.097198486328125,1.0,1.0,1.0,1.0,1.0,85.0,event
10:30:28.582,0.44643235,-0.21869656,0.38677758,0.24410115,0.2872256,-0.41382375,-0.06563576,0.23958567,0.33010334,-0.054812353,-0.2321782,0.53807074,0.40090314,-0.13543622,-0.40179345,0.2887728,0.04856459,-0.40192425,-0.79496074,-0.24193583,813.91943,811.50183,821.5751,811.50183,842.52747,-0.25372314453125,0.04852294921875,0.95849609375,2.0037841796875,-3.81317138671875,-0.097198486328125,1.0,1.0,1.0,1.0,1.0,85.0,event
10:30:28.583,0.44643235,-0.21869656,0.38677758,0.24410115,0.2872256,-0.41382375,-0.06563576,0.23958567,0.33010334,-0.054812353,-0.2321782,0.53807074,0.40090314,-0.13543622,-0.40179345,0.2887728,0.04856459,-0.40192425,-0.79496074,-0.24193583,792.5641,786.1172,814.7253,786.1172,865.89746,-0.25372314453125,0.04852294921875,0.95849609375,2.0037841796875,-3.81317138671875,-0.097198486328125,1.0,1.0,1.0,1.0,1.0,85.0,event
10:30:28.584,0.44643235,-0.21869656,0.38677758,0.24410115,0.2872256,-0.41382375,-0.06563576,0.23958567,0.33010334,-0.054812353,-0.2321782,0.53807074,0.40090314,-0.13543622,-0.40179345,0.2887728,0.04856459,-0.40192425,-0.79496074,-0.24193583,784.5055,786.52014,812.3077,786.1172,785.31134,-0.25372314453125,0.04852294921875,0.95849609375,2.0037841796875,-3.81317138671875,-0.097198486328125,1.0,1.0,1.0,1.0,1.0,85.0,event
10:30:28.585,0.44643235,-0.21869656,0.38677758,0.24410115,0.2872256,-0.41382375,-0.06563576,0.23958567,0.33010334,-0.054812353,-0.2321782,0.53807074,0.40090314,-0.13543622,-0.40179345,0.2887728,0.04856459,-0.40192425,-0.79496074,-0.24193583,774.83514,781.28204,811.0989,781.28204,745.82416,-0.25372314453125,0.04852294921875,0.95849609375,2.0037841796875,-3.81317138671875,-0.097198486328125,1.0,1.0,1.0,1.0,1.0,85.0,event
10:30:28.586,0.44643235,-0.21869656,0.38677758,0.24410115,0.2872256,-0.41382375,-0.06563576,0.23958567,0.33010334,-0.054812353,-0.2321782,0.53807074,0.40090314,-0.13543622,-0.40179345,0.2887728,0.04856459,-0.40192425,-0.79496074,-0.24193583,785.31134,780.4762,814.7253,784.5055,778.46155,-0.25372314453125,0.04852294921875,0.95849609375,2.0037841796875,-3.81317138671875,-0.097198486328125,1.0,1.0,1.0,1.0,1.0,85.0,event
10:30:28.587,0.44643235,-0.21869656,0.38677758,0.24410115,0.2872256,-0.41382375,-0.06563576,0.23958567,0.33010334,-0.054812353,-0.2321782,0.53807074,0.40090314,-0.13543622,-0.40179345,0.2887728,0.04856459,-0.40192425,-0.79496074,-0.24193583,797.8022,784.5055,816.337,790.14655,796.5934,-0.25372314453125,0.04852294921875,0.95849609375,2.0037841796875,-3.81317138671875,-0.097198486328125,1.0,1.0,1.0,1.0,1.0,85.0,event
10:30:28.588,0.44643235,-0.21869656,0.38677758,0.24410115,0.2872256,-0.41382375,-0.06563576,0.23958567,0.33010334,-0.054812353,-0.2321782,0.53807074,0.40090314,-0.13543622,-0.40179345,0.2887728,0.04856459,-0.40192425,-0.79496074,-0.24193583,801.02563,779.67035,816.337,787.72894,766.3736,-0.25372314453125,0.04852294921875,0.95849609375,2.0037841796875,-3.81317138671875,-0.097198486328125,1.0,1.0,1.0,1.0,1.0,85.0,event
10:30:28.589,0.44643235,-0.21869656,0.38677758,0.24410115,0.2872256,-0.41382375,-0.06563576,0.23958567,0.33010334,-0.054812353,-0.2321782,0.53807074,0.40090314,-0.13543622,-0.40179345,0.2887728,0.04856459,-0.40192425,-0.79496074,-0.24193583,798.20514,778.86444,819.15753,794.9817,745.82416,-0.25372314453125,0.04852294921875,0.95849609375,2.0037841796875,-3.81317138671875,-0.097198486328125,1.0,1.0,1.0,1.0,1.0,85.0,event
10:30:28.621,0.44643235,-0.21869656,0.38677758,0.24410115,0.2872256,-0.41382375,-0.06563576,0.23958567,0.33010334,-0.054812353,-0.2321782,0.53807074,0.40090314,-0.13543622,-0.40179345,0.2887728,0.04856459,-0.40192425,-0.79496074,-0.24193583,786.52014,777.6557,819.5604,801.8315,732.1245,-0.2587890625,0.02508544921875,0.96588134765625,26.737060546875,-3.237457275390625,-7.095489501953125,1.0,1.0,1.0,1.0,1.0,85.0,event
10:30:28.623,0.44643235,-0.21869656,0.38677758,0.24410115,0.2872256,-0.41382375,-0.06563576,0.23958567,0.33010334,-0.054812353,-0.2321782,0.53807074,0.40090314,-0.13543622,-0.40179345,0.2887728,0.04856459,-0.40192425,-0.79496074,-0.24193583,783.2967,779.67035,821.1722,795.78754,749.45056,-0.2587890625,0.02508544921875,0.96588134765625,26.737060546875,-3.237457275390625,-7.095489501953125,1.0,1.0,1.0,1.0,1.0,85.0,event
10:30:28.623,0.44643235,-0.21869656,0.38677758,0.24410115,0.2872256,-0.41382375,-0.06563576,0.23958567,0.33010334,-0.054812353,-0.2321782,0.53807074,0.40090314,-0.13543622,-0.40179345,0.2887728,0.04856459,-0.40192425,-0.79496074,-0.24193583,794.9817,778.46155,823.1868,799.81683,776.04395,-0.2587890625,0.02508544921875,0.96588134765625,26.737060546875,-3.237457275390625,-7.095489501953125,1.0,1.0,1.0,1.0,1.0,85.0,event
10:30:28.624,0.44643235,-0.21869656,0.38677758,0.24410115,0.2872256,-0.41382375,-0.06563576,0.23958567,0.33010334,-0.054812353,-0.2321782,0.53807074,0.40090314,-0.13543622,-0.40179345,0.2887728,0.04856459,-0.40192425,-0.79496074,-0.24193583,813.5165,772.8205,820.3663,816.337,874.35895,-0.2587890625,0.02508544921875,0.96588134765625,26.737060546875,-3.237457275390625,-7.095489501953125,1.0,1.0,1.0,1.0,1.0,85.0,event
10:30:28.625,0.44643235,-0.21869656,0.38677758,0.24410115,0.2872256,-0.41382375,-0.06563576,0.23958567,0.33010334,-0.054812353,-0.2321782,0.53807074,0.40090314,-0.13543622,-0.40179345,0.2887728,0.04856459,-0.40192425,-0.79496074,-0.24193583,814.3223,780.87915,823.9927,813.5165,966.2271,-0.2587890625,0.02508544921875,0.96588134765625,26.737060546875,-3.237457275390625,-7.095489501953125,1.0,1.0,1.0,1.0,1.0,85.0,event
10:30:28.626,0.44643235,-0.21869656,0.38677758,0.24410115,0.2872256,-0.41382375,-0.06563576,0.23958567,0.33010334,-0.054812353,-0.2321782,0.53807074,0.40090314,-0.13543622,-0.40179345,0.2887728,0.04856459,-0.40192425,-0.79496074,-0.24193583,801.8315,773.6264,824.3956,803.44324,944.87177,-0.2587890625,0.02508544921875,0.96588134765625,26.737060546875,-3.237457275390625,-7.095489501953125,1.0,1.0,1.0,1.0,1.0,85.0,event
10:30:28.626,0.44643235,-0.21869656,0.38677758,0.24410115,0.2872256,-0.41382375,-0.06563576,0.23958567,0.33010334,-0.054812353,-0.2321782,0.53807074,0.40090314,-0.13543622,-0.40179345,0.2887728,0.04856459,-0.40192425,-0.79496074,-0.24193583,799.011,775.64105,825.6044,809.4872,1018.60803,-0.2587890625,0.02508544921875,0.96588134765625,26.737060546875,-3.237457275390625,-7.095489501953125,1.0,1.0,1.0,1.0,1.0,85.0,event
10:30:28.627,0.44643235,-0.21869656,0.38677758,0.24410115,0.2872256,-0.41382375,-0.06563576,0.23958567,0.33010334,-0.054812353,-0.2321782,0.53807074,0.40090314,-0.13543622,-0.40179345,0.2887728,0.04856459,-0.40192425,-0.79496074,-0.24193583,815.12823,779.67035,822.381,799.41394,882.01465,-0.2587890625,0.02508544921875,0.96588134765625,26.737060546875,-3.237457275390625,-7.095489501953125,1.0,1.0,1.0,1.0,1.0,85.0,event
10:30:28.628,0.44643235,-0.21869656,0.38677758,0.24410115,0.2872256,-0.41382375,-0.06563576,0.23958567,0.33010334,-0.054812353,-0.2321782,0.53807074,0.40090314,-0.13543622,-0.40179345,0.2887728,0.04856459,-0.40192425,-0.79496074,-0.24193583,809.4872,780.87915,822.381,806.26373,881.2088,-0.2587890625,0.02508544921875,0.96588134765625,26.737060546875,-3.237457275390625,-7.095489501953125,1.0,1.0,1.0,1.0,1.0,85.0,event
10:30:28.629,0.44643235,-0.21869656,0.38677758,0.24410115,0.2872256,-0.41382375,-0.06563576,0.23958567,0.33010334,-0.054812353,-0.2321782,0.53807074,0.40090314,-0.13543622,-0.40179345,0.2887728,0.04856459,-0.40192425,-0.79496074,-0.24193583,805.4579,777.25275,824.7985,805.4579,789.7436,-0.2587890625,0.02508544921875,0.96588134765625,26.737060546875,-3.237457275390625,-7.095489501953125,1.0,1.0,1.0,1.0,1.0,85.0,event
10:30:28.630,0.44643235,-0.21869656,0.38677758,0.24410115,0.2872256,-0.41382375,-0.06563576,0.23958567,0.33010334,-0.054812353,-0.2321782,0.53807074,0.40090314,-0.13543622,-0.40179345,0.2887728,0.04856459,-0.40192425,-0.79496074,-0.24193583,804.2491,773.22345,821.1722,800.6227,776.4469,-0.2587890625,0.02508544921875,0.96588134765625,26.737060546875,-3.237457275390625,-7.095489501953125,1.0,1.0,1.0,1.0,1.0,85.0,event
10:30:28.631,0.44643235,-0.21869656,0.38677758,0.24410115,0.2872256,-0.41382375,-0.06563576,0.23958567,0.33010334,-0.054812353,-0.2321782,0.53807074,0.40090314,-0.13543622,-0.40179345,0.2887728,0.04856459,-0.40192425,-0.79496074,-0.24193583,798.60803,779.67035,821.1722,795.78754,756.30035,-0.2587890625,0.02508544921875,0.96588134765625,26.737060546875,-3.237457275390625,-7.095489501953125,1.0,1.0,1.0,1.0,1.0,85.0,event
10:30:28.663,0.44643235,-0.21869656,0.38677758,0.24410115,0.2872256,-0.41382375,-0.06563576,0.23958567,0.33010334,-0.054812353,-0.2321782,0.53807074,0.40090314,-0.13543622,-0.40179345,0.2887728,0.04856459,-0.40192425,-0.79496074,-0.24193583,805.05493,784.90845,822.381,798.20514,708.3516,-0.24969482421875,0.0264892578125,0.95123291015625,2.415008544921875,-3.043060302734375,0.082244873046875,1.0,1.0,1.0,1.0,1.0,85.0,event
10:30:28.664,0.44643235,-0.21869656,0.38677758,0.24410115,0.2872256,-0.41382375,-0.06563576,0.23958567,0.33010334,-0.054812353,-0.2321782,0.53807074,0.40090314,-0.13543622,-0.40179345,0.2887728,0.04856459,-0.40192425,-0.79496074,-0.24193583,815.9341,783.2967,822.381,806.6667,739.3773,-0.24969482421875,0.0264892578125,0.95123291015625,2.415008544921875,-3.043060302734375,0.082244873046875,1.0,1.0,1.0,1.0,1.0,85.0,event
10:30:28.665,0.44643235,-0.21869656,0.38677758,0.24410115,0.2872256,-0.41382375,-0.06563576,0.23958567,0.33010334,-0.054812353,-0.2321782,0.53807074,0.40090314,-0.13543622,-0.40179345,0.2887728,0.04856459,-0.40192425,-0.79496074,-0.24193583,811.9048,777.6557,824.3956,804.65204,757.9121,-0.24969482421875,0.0264892578125,0.95123291015625,2.415008544921875,-3.043060302734375,0.082244873046875,1.0,1.0,1.0,1.0,1.0,85.0,event
10:30:28.666,0.44643235,-0.21869656,0.38677758,0.24410115,0.2872256,-0.41382375,-0.06563576,0.23958567,0.33010334,-0.054812353,-0.2321782,0.53807074,0.40090314,-0.13543622,-0.40179345,0.2887728,0.04856459,-0.40192425,-0.79496074,-0.24193583,799.011,767.98535,821.1722,803.44324,956.9597,-0.24969482421875,0.0264892578125,0.95123291015625,2.415008544921875,-3.043060302734375,0.082244873046875,1.0,1.0,1.0,1.0,1.0,85.0,event
10:30:28.666,0.44643235,-0.21869656,0.38677758,0.24410115,0.2872256,-0.41382375,-0.06563576,0.23958567,0.33010334,-0.054812353,-0.2321782,0.53807074,0.40090314,-0.13543622,-0.40179345,0.2887728,0.04856459,-0.40192425,-0.79496074,-0.24193583,794.57874,783.69965,816.337,791.75824,1097.5824,-0.24969482421875,0.0264892578125,0.95123291015625,2.415008544921875,-3.043060302734375,0.082244873046875,1.0,1.0,1.0,1.0,1.0,85.0,event
10:30:28.667,0.44643235,-0.21869656,0.38677758,0.24410115,0.2872256,-0.41382375,-0.06563576,0.23958567,0.33010334,-0.054812353,-0.2321782,0.53807074,0.40090314,-0.13543622,-0.40179345,0.2887728,0.04856459,-0.40192425,-0.79496074,-0.24193583,798.60803,788.5348,813.91943,786.52014,883.6264,-0.24969482421875,0.0264892578125,0.95123291015625,2.415008544921875,-3.043060302734375,0.082244873046875,1.0,1.0,1.0,1.0,1.0,85.0,event
10:30:28.668,0.44643235,-0.21869656,0.38677758,0.24410115,0.2872256,-0.41382375,-0.06563576,0.23958567,0.33010334,-0.054812353,-0.2321782,0.53807074,0.40090314,-0.13543622,-0.40179345,0.2887728,0.04856459,-0.40192425,-0.79496074,-0.24193583,802.6374,784.10254,811.9048,799.81683,887.25275,-0.24969482421875,0.0264892578125,0.95123291015625,2.415008544921875,-3.043060302734375,0.082244873046875,1.0,1.0,1.0,1.0,1.0,85.0,event
10:30:28.668,0.44643235,-0.21869656,0.38677758,0.24410115,0.2872256,-0.41382375,-0.06563576,0.23958567,0.33010334,-0.054812353,-0.2321782,0.53807074,0.40090314,-0.13543622,-0.40179345,0.2887728,0.04856459,-0.40192425,-0.79496074,-0.24193583,805.4579,785.7143,811.9048,794.57874,931.1722,-0.24969482421875,0.0264892578125,0.95123291015625,2.415008544921875,-3.043060302734375,0.082244873046875,1.0,1.0,1.0,1.0,1.0,85.0,event
10:30:28.669,0.44643235,-0.21869656,0.38677758,0.24410115,0.2872256,-0.41382375,-0.06563576,0.23958567,0.33010334,-0.054812353,-0.2321782,0.53807074,0.40090314,-0.13543622,-0.40179345,0.2887728,0.04856459,-0.40192425,-0.79496074,-0.24193583,805.05493,778.86444,811.50183,783.69965,756.7033,-0.24969482421875,0.0264892578125,0.95123291015625,2.415008544921875,-3.043060302734375,0.082244873046875,1.0,1.0,1.0,1.0,1.0,85.0,event
10:30:28.670,0.44643235,-0.21869656,0.38677758,0.24410115,0.2872256,-0.41382375,-0.06563576,0.23958567,0.33010334,-0.054812353,-0.2321782,0.53807074,0.40090314,-0.13543622,-0.40179345,0.2887728,0.04856459,-0.40192425,-0.79496074,-0.24193583,792.5641,775.64105,807.47253,785.31134,802.6374,-0.24969482421875,0.0264892578125,0.95123291015625,2.415008544921875,-3.043060302734375,0.082244873046875,1.0,1.0,1.0,1.0,1.0,85.0,event
10:30:28.671,0.44643235,-0.21869656,0.38677758,0.24410115,0.2872256,-0.41382375,-0.06563576,0.23958567,0.33010334,-0.054812353,-0.2321782,0.53807074,0.40090314,-0.13543622,-0.40179345,0.2887728,0.04856459,-0.40192425,-0.79496074,-0.24193583,794.9817,777.6557,805.4579,791.75824,895.31134,-0.24969482421875,0.0264892578125,0.95123291015625,2.415008544921875,-3.043060302734375,0.082244873046875,1.0,1.0,1.0,1.0,1.0,85.0,event
10:30:28.671,0.44643235,-0.21869656,0.38677758,0.24410115,0.2872256,-0.41382375,-0.06563576,0.23958567,0.33010334,-0.054812353,-0.2321782,0.53807074,0.40090314,-0.13543622,-0.40179345,0.2887728,0.04856459,-0.40192425,-0.79496074,-0.24193583,800.6227,781.685,811.0989,803.8461,760.7326,-0.24969482421875,0.0264892578125,0.95123291015625,2.415008544921875,-3.043060302734375,0.082244873046875,1.0,1.0,1.0,1.0,1.0,85.0,event
10:30:28.703,0.44643235,-0.21869656,0.38677758,0.24410115,0.2872256,-0.41382375,-0.06563576,0.23958567,0.33010334,-0.054812353,-0.2321782,0.53807074,0.40090314,-0.13543622,-0.40179345,0.2887728,0.04856459,-0.40192425,-0.79496074,-0.24193583,798.20514,781.28204,811.50183,801.4286,772.8205,-0.26556396484375,0.0294189453125,0.95989990234375,1.24114990234375,-4.852447509765625,0.485992431640625,1.0,1.0,1.0,1.0,1.0,85.0,event
10:30:28.705,0.44643235,-0.21869656,0.38677758,0.24410115,0.2872256,-0.41382375,-0.06563576,0.23958567,0.33010334,-0.054812353,-0.2321782,0.53807074,0.40090314,-0.13543622,-0.40179345,0.2887728,0.04856459,-0.40192425,-0.79496074,-0.24193583,794.9817,782.8938,809.0842,791.3553,750.2564,-0.26556396484375,0.0294189453125,0.95989990234375,1.24114990234375,-4.852447509765625,0.485992431640625,1.0,1.0,1.0,1.0,1.0,85.0,event
10:30:28.705,0.44643235,-0.21869656,0.38677758,0.24410115,0.2872256,-0.41382375,-0.06563576,0.23958567,0.33010334,-0.054812353,-0.2321782,0.53807074,0.40090314,-0.13543622,-0.40179345,0.2887728,0.04856459,-0.40192425,-0.79496074,-0.24193583,796.99634,775.2381,813.91943,793.7729,846.9597,-0.26556396484375,0.0294189453125,0.95989990234375,1.24114990234375,-4.852447509765625,0.485992431640625,1.0,1.0,1.0,1.0,1.0,85.0,event
10:30:28.706,0.44643235,-0.21869656,0.38677758,0.24410115,0.2872256,-0.41382375,-0.06563576,0.23958567,0.33010334,-0.054812353,-0.2321782,0.53807074,0.40090314,-0.13543622,-0.40179345,0.2887728,0.04856459,-0.40192425,-0.79496074,-0.24193583,809.89014,790.9524,812.3077,800.6227,1135.0549,-0.26556396484375,0.0294189453125,0.95989990234375,1.24114990234375,-4.852447509765625,0.485992431640625,1.0,1.0,1.0,1.0,1.0,85.0,event
10:30:28.707,0.44643235,-0.21869656,0.38677758,0.24410115,0.2872256,-0.41382375,-0.06563576,0.23958567,0.33010334,-0.054812353,-0.2321782,0.53807074,0.40090314,-0.13543622,-0.40179345,0.2887728,0.04856459,-0.40192425,-0.79496074,-0.24193583,811.9048,801.8315,813.1135,811.9048,958.1685,-0.26556396484375,0.0294189453125,0.95989990234375,1.24114990234375,-4.852447509765625,0.485992431640625,1.0,1.0,1.0,1.0,1.0,85.0,event
10:30:28.708,0.44643235,-0.21869656,0.38677758,0.24410115,0.2872256,-0.41382375,-0.06563576,0.23958567,0.33010334,-0.054812353,-0.2321782,0.53807074,0.40090314,-0.13543622,-0.40179345,0.2887728,0.04856459,-0.40192425,-0.79496074,-0.24193583,822.381,785.31134,815.9341,807.47253,890.87915,-0.26556396484375,0.0294189453125,0.95989990234375,1.24114990234375,-4.852447509765625,0.485992431640625,1.0,1.0,1.0,1.0,1.0,85.0,event
10:30:28.709,0.44643235,-0.21869656,0.38677758,0.24410115,0.2872256,-0.41382375,-0.06563576,0.23958567,0.33010334,-0.054812353,-0.2321782,0.53807074,0.40090314,-0.13543622,-0.40179345,0.2887728,0.04856459,-0.40192425,-0.79496074,-0.24193583,823.5897,790.9524,814.7253,799.41394,900.54944,-0.26556396484375,0.0294189453125,0.95989990234375,1.24114990234375,-4.852447509765625,0.485992431640625,1.0,1.0,1.0,1.0,1.0,85.0,event
10:30:28.709,0.44643235,-0.21869656,0.38677758,0.24410115,0.2872256,-0.41382375,-0.06563576,0.23958567,0.33010334,-0.054812353,-0.2321782,0.53807074,0.40090314,-0.13543622,-0.40179345,0.2887728,0.04856459,-0.40192425,-0.79496074,-0.24193583,803.0403,796.5934,814.3223,803.44324,719.6337,-0.26556396484375,0.0294189453125,0.95989990234375,1.24114990234375,-4.852447509765625,0.485992431640625,1.0,1.0,1.0,1.0,1.0,85.0,event
10:30:28.710,0.44643235,-0.21869656,0.38677758,0.24410115,0.2872256,-0.41382375,-0.06563576,0.23958567,0.33010334,-0.054812353,-0.2321782,0.53807074,0.40090314,-0.13543622,-0.40179345,0.2887728,0.04856459,-0.40192425,-0.79496074,-0.24193583,809.89014,796.1905,817.5458,797.8022,669.67035,-0.26556396484375,0.0294189453125,0.95989990234375,1.24114990234375,-4.852447509765625,0.485992431640625,1.0,1.0,1.0,1.0,1.0,85.0,event
10:30:28.713,0.44643235,-0.21869656,0.38677758,0.24410115,0.2872256,-0.41382375,-0.06563576,0.23958567,0.33010334,-0.054812353,-0.2321782,0.53807074,0.40090314,-0.13543622,-0.40179345,0.2887728,0.04856459,-0.40192425,-0.79496074,-0.24193583,817.9487,797.3993,814.3223,800.6227,739.7802,-0.26556396484375,0.0294189453125,0.95989990234375,1.24114990234375,-4.852447509765625,0.485992431640625,1.0,1.0,1.0,1.0,1.0,85.0,event
10:30:28.714,0.44643235,-0.21869656,0.38677758,0.24410115,0.2872256,-0.41382375,-0.06563576,0.23958567,0.33010334,-0.054812353,-0.2321782,0.53807074,0.40090314,-0.13543622,-0.40179345,0.2887728,0.04856459,-0.40192425,-0.79496074,-0.24193583,801.4286,793.7729,811.50183,810.293,763.1502,-0.26556396484375,0.0294189453125,0.95989990234375,1.24114990234375,-4.852447509765625,0.485992431640625,1.0,1.0,1.0,1.0,1.0,85.0,event
10:30:28.715,0.44643235,-0.21869656,0.38677758,0.24410115,0.2872256,-0.41382375,-0.06563576,0.23958567,0.33010334,-0.054812353,-0.2321782,0.53807074,0.40090314,-0.13543622,-0.40179345,0.2887728,0.04856459,-0.40192425,-0.79496074,-0.24193583,795.38464,793.36993,812.3077,801.02563,752.27106,-0.26556396484375,0.0294189453125,0.95989990234375,1.24114990234375,-4.852447509765625,0.485992431640625,1.0,1.0,1.0,1.0,1.0,85.0,event
10:30:28.745,0.44643235,-0.21869656,0.38677758,0.24410115,0.2872256,-0.41382375,-0.06563576,0.23958567,0.33010334,-0.054812353,-0.2321782,0.53807074,0.40090314,-0.13543622,-0.40179345,0.2887728,0.04856459,-0.40192425,-0.79496074,-0.24193583,796.99634,792.1612,807.47253,795.78754,776.8498,-0.2576904296875,0.02490234375,0.94683837890625,0.620574951171875,-5.420684814453125,0.059814453125,1.0,1.0,1.0,1.0,1.0,85.0,event
10:30:28.746,0.44643235,-0.21869656,0.38677758,0.24410115,0.2872256,-0.41382375,-0.06563576,0.23958567,0.33010334,-0.054812353,-0.2321782,0.53807074,0.40090314,-0.13543622,-0.40179345,0.2887728,0.04856459,-0.40192425,-0.79496074,-0.24193583,799.81683,792.5641,806.6667,801.8315,770.80585,-0.2576904296875,0.02490234375,0.94683837890625,0.620574951171875,-5.420684814453125,0.059814453125,1.0,1.0,1.0,1.0,1.0,85.0,event
10:30:28.746,0.44643235,-0.21869656,0.38677758,0.24410115,0.2872256,-0.41382375,-0.06563576,0.23958567,0.33010334,-0.054812353,-0.2321782,0.53807074,0.40090314,-0.13543622,-0.40179345,0.2887728,0.04856459,-0.40192425,-0.79496074,-0.24193583,803.8461,785.31134,809.89014,807.8755,987.5824,-0.2576904296875,0.02490234375,0.94683837890625,0.620574951171875,-5.420684814453125,0.059814453125,1.0,1.0,1.0,1.0,1.0,85.0,event
10:30:28.747,0.44643235,-0.21869656,0.38677758,0.24410115,0.2872256,-0.41382375,-0.06563576,0.23958567,0.33010334,-0.054812353,-0.2321782,0.53807074,0.40090314,-0.13543622,-0.40179345,0.2887728,0.04856459,-0.40192425,-0.79496074,-0.24193583,808.68134,796.5934,811.0989,804.65204,1102.4176,-0.2576904296875,0.02490234375,0.94683837890625,0.620574951171875,-5.420684814453125,0.059814453125,1.0,1.0,1.0,1.0,1.0,85.0,event
10:30:28.747,0.44643235,-0.21869656,0.38677758,0.24410115,0.2872256,-0.41382375,-0.06563576,0.23958567,0.33010334,-0.054812353,-0.2321782,0.53807074,0.40090314,-0.13543622,-0.40179345,0.2887728,0.04856459,-0.40192425,-0.79496074,-0.24193583,787.72894,802.6374,811.50183,783.69965,862.27106,-0.2576904296875,0.02490234375,0.94683837890625,0.620574951171875,-5.420684814453125,0.059814453125,1.0,1.0,1.0,1.0,1.0,85.0,event
10:30:28.748,0.44643235,-0.21869656,0.38677758,0.24410115,0.2872256,-0.41382375,-0.06563576,0.23958567,0.33010334,-0.054812353,-0.2321782,0.53807074,0.40090314,-0.13543622,-0.40179345,0.2887728,0.04856459,-0.40192425,-0.79496074,-0.24193583,761.13556,791.3553,809.0842,771.2088,817.1429,-0.2576904296875,0.02490234375,0.94683837890625,0.620574951171875,-5.420684814453125,0.059814453125,1.0,1.0,1.0,1.0,1.0,85.0,event
10:30:28.749,0.44643235,-0.21869656,0.38677758,0.24410115,0.2872256,-0.41382375,-0.06563576,0.23958567,0.33010334,-0.054812353,-0.2321782,0.53807074,0.40090314,-0.13543622,-0.40179345,0.2887728,0.04856459,-0.40192425,-0.79496074,-0.24193583,767.1795,791.3553,805.4579,776.04395,860.2564,-0.2576904296875,0.02490234375,0.94683837890625,0.620574951171875,-5.420684814453125,0.059814453125,1.0,1.0,1.0,1.0,1.0,85.0,event
10:30:28.749,0.44643235,-0.21869656,0.38677758,0.24410115,0.2872256,-0.41382375,-0.06563576,0.23958567,0.33010334,-0.054812353,-0.2321782,0.53807074,0.40090314,-0.13543622,-0.40179345,0.2887728,0.04856459,-0.40192425,-0.79496074,-0.24193583,775.2381,794.17584,804.2491,771.6117,844.1392,-0.2576904296875,0.02490234375,0.94683837890625,0.620574951171875,-5.420684814453125,0.059814453125,1.0,1.0,1.0,1.0,1.0,85.0,event
10:30:28.750,0.44643235,-0.21869656,0.38677758,0.24410115,0.2872256,-0.41382375,-0.06563576,0.23958567,0.33010334,-0.054812353,-0.2321782,0.53807074,0.40090314,-0.13543622,-0.40179345,0.2887728,0.04856459,-0.40192425,-0.79496074,-0.24193583,767.5824,795.38464,805.05493,764.35895,780.4762,-0.2576904296875,0.02490234375,0.94683837890625,0.620574951171875,-5.420684814453125,0.059814453125,1.0,1.0,1.0,1.0,1.0,85.0,event
10:30:28.751,0.44643235,-0.21869656,0.38677758,0.24410115,0.2872256,-0.41382375,-0.06563576,0.23958567,0.33010334,-0.054812353,-0.2321782,0.53807074,0.40090314,-0.13543622,-0.40179345,0.2887728,0.04856459,-0.40192425,-0.79496074,-0.24193583,772.01465,788.93774,805.05493,772.4176,749.45056,-0.2576904296875,0.02490234375,0.94683837890625,0.620574951171875,-5.420684814453125,0.059814453125,1.0,1.0,1.0,1.0,1.0,85.0,event
10:30:28.751,0.44643235,-0.21869656,0.38677758,0.24410115,0.2872256,-0.41382375,-0.06563576,0.23958567,0.33010334,-0.054812353,-0.2321782,0.53807074,0.40090314,-0.13543622,-0.40179345,0.2887728,0.04856459,-0.40192425,-0.79496074,-0.24193583,782.49084,791.75824,803.0403,773.22345,720.0366,-0.2576904296875,0.02490234375,0.94683837890625,0.620574951171875,-5.420684814453125,0.059814453125,1.0,1.0,1.0,1.0,1.0,85.0,event
10:30:28.752,0.44643235,-0.21869656,0.38677758,0.24410115,0.2872256,-0.41382375,-0.06563576,0.23958567,0.33010334,-0.054812353,-0.2321782,0.53807074,0.40090314,-0.13543622,-0.40179345,0.2887728,0.04856459,-0.40192425,-0.79496074,-0.24193583,778.0586,794.57874,801.8315,772.01465,724.0659,-0.2576904296875,0.02490234375,0.94683837890625,0.620574951171875,-5.420684814453125,0.059814453125,1.0,1.0,1.0,1.0,1.0,85.0,event
10:30:28.790,0.44643235,-0.21869656,0.38677758,0.24410115,0.2872256,-0.41382375,-0.06563576,0.23958567,0.33010334,-0.054812353,-0.2321782,0.53807074,0.40090314,-0.13543622,-0.40179345,0.2887728,0.04856459,-0.40192425,-0.79496074,-0.24193583,780.87915,795.78754,800.6227,775.64105,702.71063,-0.2576904296875,0.02490234375,0.94683837890625,0.620574951171875,-5.420684814453125,0.059814453125,1.0,1.0,1.0,1.0,1.0,85.0,event
10:30:28.791,0.44643235,-0.21869656,0.38677758,0.24410115,0.2872256,-0.41382375,-0.06563576,0.23958567,0.33010334,-0.054812353,-0.2321782,0.53807074,0.40090314,-0.13543622,-0.40179345,0.2887728,0.04856459,-0.40192425,-0.79496074,-0.24193583,791.75824,780.4762,800.2198,788.93774,808.2784,-0.2576904296875,0.02490234375,0.94683837890625,0.620574951171875,-5.420684814453125,0.059814453125,1.0,1.0,1.0,1.0,1.0,85.0,event
10:30:28.792,0.44643235,-0.21869656,0.38677758,0.24410115,0.2872256,-0.41382375,-0.06563576,0.23958567,0.33010334,-0.054812353,-0.2321782,0.53807074,0.40090314,-0.13543622,-0.40179345,0.2887728,0.04856459,-0.40192425,-0.79496074,-0.24193583,796.5934,792.96704,803.0403,795.78754,969.0476,-0.2576904296875,0.02490234375,0.94683837890625,0.620574951171875,-5.420684814453125,0.059814453125,1.0,1.0,1.0,1.0,1.0,85.0,event
10:30:28.792,0.44643235,-0.21869656,0.38677758,0.24410115,0.2872256,-0.41382375,-0.06563576,0.23958567,0.33010334,-0.054812353,-0.2321782,0.53807074,0.40090314,-0.13543622,-0.40179345,0.2887728,0.04856459,-0.40192425,-0.79496074,-0.24193583,787.72894,814.3223,807.0696,796.1905,829.2308,-0.2576904296875,0.02490234375,0.94683837890625,0.620574951171875,-5.420684814453125,0.059814453125,1.0,1.0,1.0,1.0,1.0,85.0,event
10:30:28.793,0.44643235,-0.21869656,0.38677758,0.24410115,0.2872256,-0.41382375,-0.06563576,0.23958567,0.33010334,-0.054812353,-0.2321782,0.53807074,0.40090314,-0.13543622,-0.40179345,0.2887728,0.04856459,-0.40192425,-0.79496074,-0.24193583,788.93774,801.4286,807.8755,803.0403,774.43225,-0.2576904296875,0.02490234375,0.94683837890625,0.620574951171875,-5.420684814453125,0.059814453125,1.0,1.0,1.0,1.0,1.0,85.0,event
10:30:28.794,0.44643235,-0.21869656,0.38677758,0.24410115,0.2872256,-0.41382375,-0.06563576,0.23958567,0.33010334,-0.054812353,-0.2321782,0.53807074,0.40090314,-0.13543622,-0.40179345,0.2887728,0.04856459,-0.40192425,-0.79496074,-0.24193583,798.60803,802.6374,807.0696,803.0403,827.2161,-0.2576904296875,0.02490234375,0.94683837890625,0.620574951171875,-5.420684814453125,0.059814453125,1.0,1.0,1.0,1.0,1.0,85.0,event
10:30:28.795,0.44643235,-0.21869656,0.38677758,0.24410115,0.2872256,-0.41382375,-0.06563576,0.23958567,0.33010334,-0.054812353,-0.2321782,0.53807074,0.40090314,-0.13543622,-0.40179345,0.2887728,0.04856459,-0.40192425,-0.79496074,-0.24193583,802.6374,809.0842,807.8755,803.8461,865.4945,-0.2576904296875,0.02490234375,0.94683837890625,0.620574951171875,-5.420684814453125,0.059814453125,1.0,1.0,1.0,1.0,1.0,85.0,event
10:30:28.796,0.44643235,-0.21869656,0.38677758,0.24410115,0.2872256,-0.41382375,-0.06563576,0.23958567,0.33010334,-0.054812353,-0.2321782,0.53807074,0.40090314,-0.13543622,-0.40179345,0.2887728,0.04856459,-0.40192425,-0.79496074,-0.24193583,802.23444,811.50183,806.6667,800.6227,776.04395,-0.2576904296875,0.02490234375,0.94683837890625,0.620574951171875,-5.420684814453125,0.059814453125,1.0,1.0,1.0,1.0,1.0,85.0,event
10:30:28.797,0.44643235,-0.21869656,0.38677758,0.24410115,0.2872256,-0.41382375,-0.06563576,0.23958567,0.33010334,-0.054812353,-0.2321782,0.53807074,0.40090314,-0.13543622,-0.40179345,0.2887728,0.04856459,-0.40192425,-0.79496074,-0.24193583,780.07324,813.1135,797.8022,784.10254,650.32965,-0.2576904296875,0.02490234375,0.94683837890625,0.620574951171875,-5.420684814453125,0.059814453125,1.0,1.0,1.0,1.0,1.0,85.0,event
10:30:28.797,0.44643235,-0.21869656,0.38677758,0.24410115,0.2872256,-0.41382375,-0.06563576,0.23958567,0.33010334,-0.054812353,-0.2321782,0.53807074,0.40090314,-0.13543622,-0.40179345,0.2887728,0.04856459,-0.40192425,-0.79496074,-0.24193583,788.1319,813.1135,798.20514,788.93774,649.5238,-0.2576904296875,0.02490234375,0.94683837890625,0.620574951171875,-5.420684814453125,0.059814453125,1.0,1.0,1.0,1.0,1.0,85.0,event
10:30:28.798,0.44643235,-0.21869656,0.38677758,0.24410115,0.2872256,-0.41382375,-0.06563576,0.23958567,0.33010334,-0.054812353,-0.2321782,0.53807074,0.40090314,-0.13543622,-0.40179345,0.2887728,0.04856459,-0.40192425,-0.79496074,-0.24193583,790.14655,813.91943,803.8461,798.60803,664.43225,-0.2576904296875,0.02490234375,0.94683837890625,0.620574951171875,-5.420684814453125,0.059814453125,1.0,1.0,1.0,1.0,1.0,85.0,event
10:30:28.799,0.44643235,-0.21869656,0.38677758,0.24410115,0.2872256,-0.41382375,-0.06563576,0.23958567,0.33010334,-0.054812353,-0.2321782,0.53807074,0.40090314,-0.13543622,-0.40179345,0.2887728,0.04856459,-0.40192425,-0.79496074,-0.24193583,801.02563,816.337,801.8315,804.65204,747.03296,-0.2576904296875,0.02490234375,0.94683837890625,0.620574951171875,-5.420684814453125,0.059814453125,1.0,1.0,1.0,1.0,1.0,85.0,event
10:30:28.866,0.44643235,-0.21869656,0.38677758,0.24410115,0.2872256,-0.41382375,-0.06563576,0.23958567,0.33010334,-0.054812353,-0.2321782,0.53807074,0.40090314,-0.13543622,-0.40179345,0.2887728,0.04856459,-0.40192425,-0.79496074,-0.24193583,795.38464,808.68134,802.23444,798.20514,731.31866,-0.26116943359375,0.02862548828125,0.96612548828125,-0.605621337890625,-3.686065673828125,-2.160797119140625,1.0,1.0,1.0,1.0,1.0,85.0,event
10:30:28.867,0.44643235,-0.21869656,0.38677758,0.24410115,0.2872256,-0.41382375,-0.06563576,0.23958567,0.33010334,-0.054812353,-0.2321782,0.53807074,0.40090314,-0.13543622,-0.40179345,0.2887728,0.04856459,-0.40192425,-0.79496074,-0.24193583,780.87915,796.5934,801.8315,796.99634,913.44324,-0.26116943359375,0.02862548828125,0.96612548828125,-0.605621337890625,-3.686065673828125,-2.160797119140625,1.0,1.0,1.0,1.0,1.0,85.0,event
10:30:28.868,0.44643235,-0.21869656,0.38677758,0.24410115,0.2872256,-0.41382375,-0.06563576,0.23958567,0.33010334,-0.054812353,-0.2321782,0.53807074,0.40090314,-0.13543622,-0.40179345,0.2887728,0.04856459,-0.40192425,-0.79496074,-0.24193583,785.7143,815.9341,805.05493,794.9817,1025.4579,-0.26116943359375,0.02862548828125,0.96612548828125,-0.605621337890625,-3.686065673828125,-2.160797119140625,1.0,1.0,1.0,1.0,1.0,85.0,event
10:30:28.869,0.44643235,-0.21869656,0.38677758,0.24410115,0.2872256,-0.41382375,-0.06563576,0.23958567,0.33010334,-0.054812353,-0.2321782,0.53807074,0.40090314,-0.13543622,-0.40179345,0.2887728,0.04856459,-0.40192425,-0.79496074,-0.24193583,799.41394,827.2161,806.6667,792.96704,771.6117,-0.26116943359375,0.02862548828125,0.96612548828125,-0.605621337890625,-3.686065673828125,-2.160797119140625,1.0,1.0,1.0,1.0,1.0,85.0,event
10:30:28.870,0.44643235,-0.21869656,0.38677758,0.24410115,0.2872256,-0.41382375,-0.06563576,0.23958567,0.33010334,-0.054812353,-0.2321782,0.53807074,0.40090314,-0.13543622,-0.40179345,0.2887728,0.04856459,-0.40192425,-0.79496074,-0.24193583,811.50183,815.12823,807.0696,799.011,731.31866,-0.26116943359375,0.02862548828125,0.96612548828125,-0.605621337890625,-3.686065673828125,-2.160797119140625,1.0,1.0,1.0,1.0,1.0,85.0,event
10:30:28.870,0.44643235,-0.21869656,0.38677758,0.24410115,0.2872256,-0.41382375,-0.06563576,0.23958567,0.33010334,-0.054812353,-0.2321782,0.53807074,0.40090314,-0.13543622,-0.40179345,0.2887728,0.04856459,-0.40192425,-0.79496074,-0.24193583,808.2784,814.3223,808.2784,801.4286,826.8132,-0.26116943359375,0.02862548828125,0.96612548828125,-0.605621337890625,-3.686065673828125,-2.160797119140625,1.0,1.0,1.0,1.0,1.0,85.0,event
10:30:28.871,0.44643235,-0.21869656,0.38677758,0.24410115,0.2872256,-0.41382375,-0.06563576,0.23958567,0.33010334,-0.054812353,-0.2321782,0.53807074,0.40090314,-0.13543622,-0.40179345,0.2887728,0.04856459,-0.40192425,-0.79496074,-0.24193583,796.5934,814.3223,811.0989,796.5934,824.3956,-0.26116943359375,0.02862548828125,0.96612548828125,-0.605621337890625,-3.686065673828125,-2.160797119140625,1.0,1.0,1.0,1.0,1.0,85.0,event
10:30:28.872,0.44643235,-0.21869656,0.38677758,0.24410115,0.2872256,-0.41382375,-0.06563576,0.23958567,0.33010334,-0.054812353,-0.2321782,0.53807074,0.40090314,-0.13543622,-0.40179345,0.2887728,0.04856459,-0.40192425,-0.79496074,-0.24193583,780.07324,815.9341,805.4579,789.34064,796.5934,-0.26116943359375,0.02862548828125,0.96612548828125,-0.605621337890625,-3.686065673828125,-2.160797119140625,1.0,1.0,1.0,1.0,1.0,85.0,event
10:30:28.872,0.44643235,-0.21869656,0.38677758,0.24410115,0.2872256,-0.41382375,-0.06563576,0.23958567,0.33010334,-0.054812353,-0.2321782,0.53807074,0.40090314,-0.13543622,-0.40179345,0.2887728,0.04856459,-0.40192425,-0.79496074,-0.24193583,792.96704,811.50183,809.0842,786.9231,788.5348,-0.26116943359375,0.02862548828125,0.96612548828125,-0.605621337890625,-3.686065673828125,-2.160797119140625,1.0,1.0,1.0,1.0,1.0,85.0,event
10:30:28.873,0.44643235,-0.21869656,0.38677758,0.24410115,0.2872256,-0.41382375,-0.06563576,0.23958567,0.33010334,-0.054812353,-0.2321782,0.53807074,0.40090314,-0.13543622,-0.40179345,0.2887728,0.04856459,-0.40192425,-0.79496074,-0.24193583,783.69965,815.12823,806.6667,774.83514,780.4762,-0.26116943359375,0.02862548828125,0.96612548828125,-0.605621337890625,-3.686065673828125,-2.160797119140625,1.0,1.0,1.0,1.0,1.0,85.0,event
10:30:28.874,0.44643235,-0.21869656,0.38677758,0.24410115,0.2872256,-0.41382375,-0.06563576,0.23958567,0.33010334,-0.054812353,-0.2321782,0.53807074,0.40090314,-0.13543622,-0.40179345,0.2887728,0.04856459,-0.40192425,-0.79496074,-0.24193583,801.02563,807.8755,808.2784,781.28204,834.87177,-0.26116943359375,0.02862548828125,0.96612548828125,-0.605621337890625,-3.686065673828125,-2.160797119140625,1.0,1.0,1.0,1.0,1.0,85.0,event
10:30:28.875,0.44643235,-0.21869656,0.38677758,0.24410115,0.2872256,-0.41382375,-0.06563576,0.23958567,0.33010334,-0.054812353,-0.2321782,0.53807074,0.40090314,-0.13543622,-0.40179345,0.2887728,0.04856459,-0.40192425,-0.79496074,-0.24193583,789.7436,808.68134,807.47253,805.05493,788.1319,-0.26116943359375,0.02862548828125,0.96612548828125,-0.605621337890625,-3.686065673828125,-2.160797119140625,1.0,1.0,1.0,1.0,1.0,85.0,event
10:30:28.900,0.44643235,-0.21869656,0.38677758,0.24410115,0.2872256,-0.41382375,-0.06563576,0.23958567,0.33010334,-0.054812353,-0.2321782,0.53807074,0.40090314,-0.13543622,-0.40179345,0.2887728,0.04856459,-0.40192425,-0.79496074,-0.24193583,794.57874,798.20514,808.2784,794.57874,770.80585,-0.2613525390625,0.01995849609375,0.956787109375,0.411224365234375,-3.043060302734375,-1.547698974609375,1.0,1.0,1.0,1.0,1.0,85.0,event
10:30:28.901,0.44643235,-0.21869656,0.38677758,0.24410115,0.2872256,-0.41382375,-0.06563576,0.23958567,0.33010334,-0.054812353,-0.2321782,0.53807074,0.40090314,-0.13543622,-0.40179345,0.2887728,0.04856459,-0.40192425,-0.79496074,-0.24193583,799.41394,802.6374,810.293,798.20514,1047.2161,-0.2613525390625,0.01995849609375,0.956787109375,0.411224365234375,-3.043060302734375,-1.547698974609375,1.0,1.0,1.0,1.0,1.0,85.0,event
10:30:28.902,0.44643235,-0.21869656,0.38677758,0.24410115,0.2872256,-0.41382375,-0.06563576,0.23958567,0.33010334,-0.054812353,-0.2321782,0.53807074,0.40090314,-0.13543622,-0.40179345,0.2887728,0.04856459,-0.40192425,-0.79496074,-0.24193583,792.5641,823.1868,809.4872,804.65204,1011.75824,-0.2613525390625,0.01995849609375,0.956787109375,0.411224365234375,-3.043060302734375,-1.547698974609375,1.0,1.0,1.0,1.0,1.0,85.0,event
10:30:28.902,0.44643235,-0.21869656,0.38677758,0.24410115,0.2872256,-0.41382375,-0.06563576,0.23958567,0.33010334,-0.054812353,-0.2321782,0.53807074,0.40090314,-0.13543622,-0.40179345,0.2887728,0.04856459,-0.40192425,-0.79496074,-0.24193583,801.8315,811.50183,810.293,805.8608,815.12823,-0.2613525390625,0.01995849609375,0.956787109375,0.411224365234375,-3.043060302734375,-1.547698974609375,1.0,1.0,1.0,1.0,1.0,85.0,event
10:30:28.903,0.44643235,-0.21869656,0.38677758,0.24410115,0.2872256,-0.41382375,-0.06563576,0.23958567,0.33010334,-0.054812353,-0.2321782,0.53807074,0.40090314,-0.13543622,-0.40179345,0.2887728,0.04856459,-0.40192425,-0.79496074,-0.24193583,798.20514,805.05493,809.89014,794.57874,813.91943,-0.2613525390625,0.01995849609375,0.956787109375,0.411224365234375,-3.043060302734375,-1.547698974609375,1.0,1.0,1.0,1.0,1.0,85.0,event
10:30:28.904,0.44643235,-0.21869656,0.38677758,0.24410115,0.2872256,-0.41382375,-0.06563576,0.23958567,0.33010334,-0.054812353,-0.2321782,0.53807074,0.40090314,-0.13543622,-0.40179345,0.2887728,0.04856459,-0.40192425,-0.79496074,-0.24193583,780.4762,807.8755,811.50183,786.9231,708.7546,-0.2613525390625,0.01995849609375,0.956787109375,0.411224365234375,-3.043060302734375,-1.547698974609375,1.0,1.0,1.0,1.0,1.0,85.0,event
10:30:28.904,0.44643235,-0.21869656,0.38677758,0.24410115,0.2872256,-0.41382375,-0.06563576,0.23958567,0.33010334,-0.054812353,-0.2321782,0.53807074,0.40090314,-0.13543622,-0.40179345,0.2887728,0.04856459,-0.40192425,-0.79496074,-0.24193583,785.31134,815.12823,814.7253,789.7436,694.65204,-0.2613525390625,0.01995849609375,0.956787109375,0.411224365234375,-3.043060302734375,-1.547698974609375,1.0,1.0,1.0,1.0,1.0,85.0,event
10:30:28.905,0.44643235,-0.21869656,0.38677758,0.24410115,0.2872256,-0.41382375,-0.06563576,0.23958567,0.33010334,-0.054812353,-0.2321782,0.53807074,0.40090314,-0.13543622,-0.40179345,0.2887728,0.04856459,-0.40192425,-0.79496074,-0.24193583,794.9817,813.1135,813.91943,792.5641,773.6264,-0.2613525390625,0.01995849609375,0.956787109375,0.411224365234375,-3.043060302734375,-1.547698974609375,1.0,1.0,1.0,1.0,1.0,85.0,event
10:30:28.906,0.44643235,-0.21869656,0.38677758,0.24410115,0.2872256,-0.41382375,-0.06563576,0.23958567,0.33010334,-0.054812353,-0.2321782,0.53807074,0.40090314,-0.13543622,-0.40179345,0.2887728,0.04856459,-0.40192425,-0.79496074,-0.24193583,783.69965,804.65204,815.12823,781.28204,737.3626,-0.2613525390625,0.01995849609375,0.956787109375,0.411224365234375,-3.043060302734375,-1.547698974609375,1.0,1.0,1.0,1.0,1.0,85.0,event
10:30:28.906,0.44643235,-0.21869656,0.38677758,0.24410115,0.2872256,-0.41382375,-0.06563576,0.23958567,0.33010334,-0.054812353,-0.2321782,0.53807074,0.40090314,-0.13543622,-0.40179345,0.2887728,0.04856459,-0.40192425,-0.79496074,-0.24193583,798.20514,810.696,813.1135,789.34064,760.7326,-0.2613525390625,0.01995849609375,0.956787109375,0.411224365234375,-3.043060302734375,-1.547698974609375,1.0,1.0,1.0,1.0,1.0,85.0,event
10:30:28.907,0.44643235,-0.21869656,0.38677758,0.24410115,0.2872256,-0.41382375,-0.06563576,0.23958567,0.33010334,-0.054812353,-0.2321782,0.53807074,0.40090314,-0.13543622,-0.40179345,0.2887728,0.04856459,-0.40192425,-0.79496074,-0.24193583,757.50916,808.68134,813.91943,784.10254,744.21246,-0.2613525390625,0.01995849609375,0.956787109375,0.411224365234375,-3.043060302734375,-1.547698974609375,1.0,1.0,1.0,1.0,1.0,85.0,event
10:30:28.908,0.44643235,-0.21869656,0.38677758,0.24410115,0.2872256,-0.41382375,-0.06563576,0.23958567,0.33010334,-0.054812353,-0.2321782,0.53807074,0.40090314,-0.13543622,-0.40179345,0.2887728,0.04856459,-0.40192425,-0.79496074,-0.24193583,772.01465,814.7253,814.7253,790.14655,693.8461,-0.2613525390625,0.01995849609375,0.956787109375,0.411224365234375,-3.043060302734375,-1.547698974609375,1.0,1.0,1.0,1.0,1.0,85.0,event
10:30:28.909,0.44643235,-0.21869656,0.38677758,0.24410115,0.2872256,-0.41382375,-0.06563576,0.23958567,0.33010334,-0.054812353,-0.2321782,0.53807074,0.40090314,-0.13543622,-0.40179345,0.2887728,0.04856459,-0.40192425,-0.79496074,-0.24193583,797.3993,798.20514,813.5165,793.36993,916.6667,-0.25311279296875,0.01654052734375,0.954345703125,1.936492919921875,-5.12908935546875,-0.91217041015625,1.0,1.0,1.0,1.0,1.0,85.0,event
10:30:28.909,0.44643235,-0.21869656,0.38677758,0.24410115,0.2872256,-0.41382375,-0.06563576,0.23958567,0.33010334,-0.054812353,-0.2321782,0.53807074,0.40090314,-0.13543622,-0.40179345,0.2887728,0.04856459,-0.40192425,-0.79496074,-0.24193583,803.44324,808.2784,814.3223,798.60803,1062.9304,-0.25311279296875,0.01654052734375,0.954345703125,1.936492919921875,-5.12908935546875,-0.91217041015625,1.0,1.0,1.0,1.0,1.0,85.0,event
10:30:28.910,0.44643235,-0.21869656,0.38677758,0.24410115,0.2872256,-0.41382375,-0.06563576,0.23958567,0.33010334,-0.054812353,-0.2321782,0.53807074,0.40090314,-0.13543622,-0.40179345,0.2887728,0.04856459,-0.40192425,-0.79496074,-0.24193583,801.8315,819.9634,815.5311,792.96704,775.64105,-0.25311279296875,0.01654052734375,0.954345703125,1.936492919921875,-5.12908935546875,-0.91217041015625,1.0,1.0,1.0,1.0,1.0,85.0,event
10:30:28.911,0.44643235,-0.21869656,0.38677758,0.24410115,0.2872256,-0.41382375,-0.06563576,0.23958567,0.33010334,-0.054812353,-0.2321782,0.53807074,0.40090314,-0.13543622,-0.40179345,0.2887728,0.04856459,-0.40192425,-0.79496074,-0.24193583,795.78754,809.89014,815.5311,790.9524,716.0073,-0.25311279296875,0.01654052734375,0.954345703125,1.936492919921875,-5.12908935546875,-0.91217041015625,1.0,1.0,1.0,1.0,1.0,85.0,event
10:30:28.911,0.44643235,-0.21869656,0.38677758,0.24410115,0.2872256,-0.41382375,-0.06563576,0.23958567,0.33010334,-0.054812353,-0.2321782,0.53807074,0.40090314,-0.13543622,-0.40179345,0.2887728,0.04856459,-0.40192425,-0.79496074,-0.24193583,782.49084,805.4579,816.337,803.8461,805.4579,-0.25311279296875,0.01654052734375,0.954345703125,1.936492919921875,-5.12908935546875,-0.91217041015625,1.0,1.0,1.0,1.0,1.0,85.0,event
10:30:28.912,0.44643235,-0.21869656,0.38677758,0.24410115,0.2872256,-0.41382375,-0.06563576,0.23958567,0.33010334,-0.054812353,-0.2321782,0.53807074,0.40090314,-0.13543622,-0.40179345,0.2887728,0.04856459,-0.40192425,-0.79496074,-0.24193583,782.8938,805.4579,813.5165,796.1905,799.011,-0.25311279296875,0.01654052734375,0.954345703125,1.936492919921875,-5.12908935546875,-0.91217041015625,1.0,1.0,1.0,1.0,1.0,85.0,event
10:30:28.913,0.44643235,-0.21869656,0.38677758,0.24410115,0.2872256,-0.41382375,-0.06563576,0.23958567,0.33010334,-0.054812353,-0.2321782,0.53807074,0.40090314,-0.13543622,-0.40179345,0.2887728,0.04856459,-0.40192425,-0.79496074,-0.24193583,790.54944,811.0989,812.71063,783.2967,743.8095,-0.25311279296875,0.01654052734375,0.954345703125,1.936492919921875,-5.12908935546875,-0.91217041015625,1.0,1.0,1.0,1.0,1.0,85.0,event
10:30:28.915,0.44643235,-0.21869656,0.38677758,0.24410115,0.2872256,-0.41382375,-0.06563576,0.23958567,0.33010334,-0.054812353,-0.2321782,0.53807074,0.40090314,-0.13543622,-0.40179345,0.2887728,0.04856459,-0.40192425,-0.79496074,-0.24193583,786.9231,801.4286,818.7546,790.14655,817.1429,-0.25311279296875,0.01654052734375,0.954345703125,1.936492919921875,-5.12908935546875,-0.91217041015625,1.0,1.0,1.0,1.0,1.0,85.0,event
10:30:28.916,0.44643235,-0.21869656,0.38677758,0.24410115,0.2872256,-0.41382375,-0.06563576,0.23958567,0.33010334,-0.054812353,-0.2321782,0.53807074,0.40090314,-0.13543622,-0.40179345,0.2887728,0.04856459,-0.40192425,-0.79496074,-0.24193583,776.04395,796.5934,819.5604,788.1319,862.674,-0.25311279296875,0.01654052734375,0.954345703125,1.936492919921875,-5.12908935546875,-0.91217041015625,1.0,1.0,1.0,1.0,1.0,85.0,event
10:30:28.917,0.44643235,-0.21869656,0.38677758,0.24410115,0.2872256,-0.41382375,-0.06563576,0.23958567,0.33010334,-0.054812353,-0.2321782,0.53807074,0.40090314,-0.13543622,-0.40179345,0.2887728,0.04856459,-0.40192425,-0.79496074,-0.24193583,784.10254,807.8755,813.91943,785.31134,729.707,-0.25311279296875,0.01654052734375,0.954345703125,1.936492919921875,-5.12908935546875,-0.91217041015625,1.0,1.0,1.0,1.0,1.0,85.0,event
10:30:28.918,0.44643235,-0.21869656,0.38677758,0.24410115,0.2872256,-0.41382375,-0.06563576,0.23958567,0.33010334,-0.054812353,-0.2321782,0.53807074,0.40090314,-0.13543622,-0.40179345,0.2887728,0.04856459,-0.40192425,-0.79496074,-0.24193583,793.36993,810.696,810.293,785.31134,630.58606,-0.25311279296875,0.01654052734375,0.954345703125,1.936492919921875,-5.12908935546875,-0.91217041015625,1.0,1.0,1.0,1.0,1.0,85.0,event
10:30:28.918,0.44643235,-0.21869656,0.38677758,0.24410115,0.2872256,-0.41382375,-0.06563576,0.23958567,0.33010334,-0.054812353,-0.2321782,0.53807074,0.40090314,-0.13543622,-0.40179345,0.2887728,0.04856459,-0.40192425,-0.79496074,-0.24193583,804.65204,798.20514,812.71063,789.7436,842.1245,-0.25311279296875,0.01654052734375,0.954345703125,1.936492919921875,-5.12908935546875,-0.91217041015625,1.0,1.0,1.0,1.0,1.0,85.0,event
10:30:28.942,0.44643235,-0.21869656,0.38677758,0.24410115,0.2872256,-0.41382375,-0.06563576,0.23958567,0.33010334,-0.054812353,-0.2321782,0.53807074,0.40090314,-0.13543622,-0.40179345,0.2887728,0.04856459,-0.40192425,-0.79496074,-0.24193583,808.68134,796.5934,817.1429,797.3993,1068.5714,-0.2509765625,0.01470947265625,0.9571533203125,2.400054931640625,-5.136566162109375,0.777587890625,1.0,1.0,1.0,1.0,1.0,85.0,event
10:30:28.944,0.44643235,-0.21869656,0.38677758,0.24410115,0.2872256,-0.41382375,-0.06563576,0.23958567,0.33010334,-0.054812353,-0.2321782,0.53807074,0.40090314,-0.13543622,-0.40179345,0.2887728,0.04856459,-0.40192425,-0.79496074,-0.24193583,796.5934,813.1135,819.9634,804.65204,853.00366,-0.2509765625,0.01470947265625,0.9571533203125,2.400054931640625,-5.136566162109375,0.777587890625,1.0,1.0,1.0,1.0,1.0,85.0,event
10:30:28.944,0.44643235,-0.21869656,0.38677758,0.24410115,0.2872256,-0.41382375,-0.06563576,0.23958567,0.33010334,-0.054812353,-0.2321782,0.53807074,0.40090314,-0.13543622,-0.40179345,0.2887728,0.04856459,-0.40192425,-0.79496074,-0.24193583,793.36993,810.696,820.3663,798.20514,641.4652,-0.2509765625,0.01470947265625,0.9571533203125,2.400054931640625,-5.136566162109375,0.777587890625,1.0,1.0,1.0,1.0,1.0,85.0,event
10:30:28.945,0.44643235,-0.21869656,0.38677758,0.24410115,0.2872256,-0.41382375,-0.06563576,0.23958567,0.33010334,-0.054812353,-0.2321782,0.53807074,0.40090314,-0.13543622,-0.40179345,0.2887728,0.04856459,-0.40192425,-0.79496074,-0.24193583,801.4286,801.8315,819.5604,791.75824,762.3443,-0.2509765625,0.01470947265625,0.9571533203125,2.400054931640625,-5.136566162109375,0.777587890625,1.0,1.0,1.0,1.0,1.0,85.0,event
10:30:28.946,0.44643235,-0.21869656,0.38677758,0.24410115,0.2872256,-0.41382375,-0.06563576,0.23958567,0.33010334,-0.054812353,-0.2321782,0.53807074,0.40090314,-0.13543622,-0.40179345,0.2887728,0.04856459,-0.40192425,-0.79496074,-0.24193583,808.2784,807.47253,808.68134,800.2198,837.6923,-0.2509765625,0.01470947265625,0.9571533203125,2.400054931640625,-5.136566162109375,0.777587890625,1.0,1.0,1.0,1.0,1.0,85.0,event
10:30:28.947,0.44643235,-0.21869656,0.38677758,0.24410115,0.2872256,-0.41382375,-0.06563576,0.23958567,0.33010334,-0.054812353,-0.2321782,0.53807074,0.40090314,-0.13543622,-0.40179345,0.2887728,0.04856459,-0.40192425,-0.79496074,-0.24193583,795.78754,806.6667,809.0842,797.8022,787.326,-0.2509765625,0.01470947265625,0.9571533203125,2.400054931640625,-5.136566162109375,0.777587890625,1.0,1.0,1.0,1.0,1.0,85.0,event
10:30:28.947,0.44643235,-0.21869656,0.38677758,0.24410115,0.2872256,-0.41382375,-0.06563576,0.23958567,0.33010334,-0.054812353,-0.2321782,0.53807074,0.40090314,-0.13543622,-0.40179345,0.2887728,0.04856459,-0.40192425,-0.79496074,-0.24193583,779.2674,805.4579,823.1868,789.34064,792.5641,-0.2509765625,0.01470947265625,0.9571533203125,2.400054931640625,-5.136566162109375,0.777587890625,1.0,1.0,1.0,1.0,1.0,85.0,event
10:30:28.948,0.44643235,-0.21869656,0.38677758,0.24410115,0.2872256,-0.41382375,-0.06563576,0.23958567,0.33010334,-0.054812353,-0.2321782,0.53807074,0.40090314,-0.13543622,-0.40179345,0.2887728,0.04856459,-0.40192425,-0.79496074,-0.24193583,780.4762,795.38464,817.9487,794.17584,876.77655,-0.2509765625,0.01470947265625,0.9571533203125,2.400054931640625,-5.136566162109375,0.777587890625,1.0,1.0,1.0,1.0,1.0,85.0,event
10:30:28.949,0.44643235,-0.21869656,0.38677758,0.24410115,0.2872256,-0.41382375,-0.06563576,0.23958567,0.33010334,-0.054812353,-0.2321782,0.53807074,0.40090314,-0.13543622,-0.40179345,0.2887728,0.04856459,-0.40192425,-0.79496074,-0.24193583,784.90845,800.2198,807.47253,788.5348,940.4396,-0.2509765625,0.01470947265625,0.9571533203125,2.400054931640625,-5.136566162109375,0.777587890625,1.0,1.0,1.0,1.0,1.0,85.0,event
10:30:28.949,0.44643235,-0.21869656,0.38677758,0.24410115,0.2872256,-0.41382375,-0.06563576,0.23958567,0.33010334,-0.054812353,-0.2321782,0.53807074,0.40090314,-0.13543622,-0.40179345,0.2887728,0.04856459,-0.40192425,-0.79496074,-0.24193583,788.5348,814.7253,809.0842,775.2381,760.32965,-0.2509765625,0.01470947265625,0.9571533203125,2.400054931640625,-5.136566162109375,0.777587890625,1.0,1.0,1.0,1.0,1.0,85.0,event
10:30:28.950,0.44643235,-0.21869656,0.38677758,0.24410115,0.2872256,-0.41382375,-0.06563576,0.23958567,0.33010334,-0.054812353,-0.2321782,0.53807074,0.40090314,-0.13543622,-0.40179345,0.2887728,0.04856459,-0.40192425,-0.79496074,-0.24193583,787.326,803.8461,812.3077,782.8938,815.9341,-0.2509765625,0.01470947265625,0.9571533203125,2.400054931640625,-5.136566162109375,0.777587890625,1.0,1.0,1.0,1.0,1.0,85.0,event
10:30:28.951,0.44643235,-0.21869656,0.38677758,0.24410115,0.2872256,-0.41382375,-0.06563576,0.23958567,0.33010334,-0.054812353,-0.2321782,0.53807074,0.40090314,-0.13543622,-0.40179345,0.2887728,0.04856459,-0.40192425,-0.79496074,-0.24193583,782.0879,803.44324,812.71063,786.9231,855.42126,-0.2509765625,0.01470947265625,0.9571533203125,2.400054931640625,-5.136566162109375,0.777587890625,1.0,1.0,1.0,1.0,1.0,85.0,event
10:30:28.998,0.44643235,-0.21869656,0.38677758,0.24410115,0.2872256,-0.41382375,-0.06563576,0.23958567,0.33010334,-0.054812353,-0.2321782,0.53807074,0.40090314,-0.13543622,-0.40179345,0.2887728,0.04856459,-0.40192425,-0.79496074,-0.24193583,781.28204,813.1135,811.50183,791.75824,765.16486,-0.2509765625,0.01470947265625,0.9571533203125,2.400054931640625,-5.136566162109375,0.777587890625,1.0,1.0,1.0,1.0,1.0,85.0,event
10:30:28.999,0.44643235,-0.21869656,0.38677758,0.24410115,0.2872256,-0.41382375,-0.06563576,0.23958567,0.33010334,-0.054812353,-0.2321782,0.53807074,0.40090314,-0.13543622,-0.40179345,0.2887728,0.04856459,-0.40192425,-0.79496074,-0.24193583,785.7143,811.50183,807.47253,788.93774,716.8132,-0.2509765625,0.01470947265625,0.9571533203125,2.400054931640625,-5.136566162109375,0.777587890625,1.0,1.0,1.0,1.0,1.0,85.0,event
10:30:28.999,0.44643235,-0.21869656,0.38677758,0.24410115,0.2872256,-0.41382375,-0.06563576,0.23958567,0.33010334,-0.054812353,-0.2321782,0.53807074,0.40090314,-0.13543622,-0.40179345,0.2887728,0.04856459,-0.40192425,-0.79496074,-0.24193583,793.36993,805.05493,811.0989,782.8938,747.8388,-0.2509765625,0.01470947265625,0.9571533203125,2.400054931640625,-5.136566162109375,0.777587890625,1.0,1.0,1.0,1.0,1.0,85.0,event
10:30:29.000,0.44643235,-0.21869656,0.38677758,0.24410115,0.2872256,-0.41382375,-0.06563576,0.23958567,0.33010334,-0.054812353,-0.2321782,0.53807074,0.40090314,-0.13543622,-0.40179345,0.2887728,0.04856459,-0.40192425,-0.79496074,-0.24193583,790.14655,806.6667,811.9048,790.9524,822.7839,-0.2509765625,0.01470947265625,0.9571533203125,2.400054931640625,-5.136566162109375,0.777587890625,1.0,1.0,1.0,1.0,1.0,85.0,event
10:30:29.000,0.44643235,-0.21869656,0.38677758,0.24410115,0.2872256,-0.41382375,-0.06563576,0.23958567,0.33010334,-0.054812353,-0.2321782,0.53807074,0.40090314,-0.13543622,-0.40179345,0.2887728,0.04856459,-0.40192425,-0.79496074,-0.24193583,772.4176,808.2784,808.2784,780.07324,762.3443,-0.2509765625,0.01470947265625,0.9571533203125,2.400054931640625,-5.136566162109375,0.777587890625,1.0,1.0,1.0,1.0,1.0,85.0,event
10:30:29.001,0.44643235,-0.21869656,0.38677758,0.24410115,0.2872256,-0.41382375,-0.06563576,0.23958567,0.33010334,-0.054812353,-0.2321782,0.53807074,0.40090314,-0.13543622,-0.40179345,0.2887728,0.04856459,-0.40192425,-0.79496074,-0.24193583,773.6264,812.3077,806.6667,772.8205,767.98535,-0.2509765625,0.01470947265625,0.9571533203125,2.400054931640625,-5.136566162109375,0.777587890625,1.0,1.0,1.0,1.0,1.0,85.0,event
10:30:29.002,0.44643235,-0.21869656,0.38677758,0.24410115,0.2872256,-0.41382375,-0.06563576,0.23958567,0.33010334,-0.054812353,-0.2321782,0.53807074,0.40090314,-0.13543622,-0.40179345,0.2887728,0.04856459,-0.40192425,-0.79496074,-0.24193583,786.1172,804.65204,805.05493,778.46155,878.7912,-0.2509765625,0.01470947265625,0.9571533203125,2.400054931640625,-5.136566162109375,0.777587890625,1.0,1.0,1.0,1.0,1.0,85.0,event
10:30:29.002,0.44643235,-0.21869656,0.38677758,0.24410115,0.2872256,-0.41382375,-0.06563576,0.23958567,0.33010334,-0.054812353,-0.2321782,0.53807074,0.40090314,-0.13543622,-0.40179345,0.2887728,0.04856459,-0.40192425,-0.79496074,-0.24193583,790.9524,792.5641,803.8461,793.7729,1055.6776,-0.2509765625,0.01470947265625,0.9571533203125,2.400054931640625,-5.136566162109375,0.777587890625,1.0,1.0,1.0,1.0,1.0,85.0,event
10:30:29.003,0.44643235,-0.21869656,0.38677758,0.24410115,0.2872256,-0.41382375,-0.06563576,0.23958567,0.33010334,-0.054812353,-0.2321782,0.53807074,0.40090314,-0.13543622,-0.40179345,0.2887728,0.04856459,-0.40192425,-0.79496074,-0.24193583,799.011,816.7399,810.293,801.4286,1025.0549,-0.2509765625,0.01470947265625,0.9571533203125,2.400054931640625,-5.136566162109375,0.777587890625,1.0,1.0,1.0,1.0,1.0,85.0,event
10:30:29.003,0.44643235,-0.21869656,0.38677758,0.24410115,0.2872256,-0.41382375,-0.06563576,0.23958567,0.33010334,-0.054812353,-0.2321782,0.53807074,0.40090314,-0.13543622,-0.40179345,0.2887728,0.04856459,-0.40192425,-0.79496074,-0.24193583,796.1905,818.3516,815.5311,805.8608,708.3516,-0.2509765625,0.01470947265625,0.9571533203125,2.400054931640625,-5.136566162109375,0.777587890625,1.0,1.0,1.0,1.0,1.0,85.0,event
10:30:29.004,0.44643235,-0.21869656,0.38677758,0.24410115,0.2872256,-0.41382375,-0.06563576,0.23958567,0.33010334,-0.054812353,-0.2321782,0.53807074,0.40090314,-0.13543622,-0.40179345,0.2887728,0.04856459,-0.40192425,-0.79496074,-0.24193583,790.14655,801.02563,808.2784,799.81683,689.011,-0.2509765625,0.01470947265625,0.9571533203125,2.400054931640625,-5.136566162109375,0.777587890625,1.0,1.0,1.0,1.0,1.0,85.0,event
10:30:29.005,0.44643235,-0.21869656,0.38677758,0.24410115,0.2872256,-0.41382375,-0.06563576,0.23958567,0.33010334,-0.054812353,-0.2321782,0.53807074,0.40090314,-0.13543622,-0.40179345,0.2887728,0.04856459,-0.40192425,-0.79496074,-0.24193583,801.02563,810.293,803.44324,802.23444,770.0,-0.2509765625,0.01470947265625,0.9571533203125,2.400054931640625,-5.136566162109375,0.777587890625,1.0,1.0,1.0,1.0,1.0,85.0,event
10:30:29.070,0.44643235,-0.21869656,0.38677758,0.24410115,0.2872256,-0.41382375,-0.06563576,0.23958567,0.33010334,-0.054812353,-0.2321782,0.53807074,0.40090314,-0.13543622,-0.40179345,0.2887728,0.04856459,-0.40192425,-0.79496074,-0.24193583,819.5604,817.5458,804.65204,819.15753,744.61536,-0.2490234375,0.0087890625,0.95428466796875,2.624359130859375,-4.044952392578125,0.28411865234375,1.0,1.0,1.0,1.0,1.0,85.0,event
10:30:29.072,0.44643235,-0.21869656,0.38677758,0.24410115,0.2872256,-0.41382375,-0.06563576,0.23958567,0.33010334,-0.054812353,-0.2321782,0.53807074,0.40090314,-0.13543622,-0.40179345,0.2887728,0.04856459,-0.40192425,-0.79496074,-0.24193583,823.9927,805.8608,807.47253,809.89014,748.24176,-0.2490234375,0.0087890625,0.95428466796875,2.624359130859375,-4.044952392578125,0.28411865234375,1.0,1.0,1.0,1.0,1.0,85.0,event
10:30:29.072,0.44643235,-0.21869656,0.38677758,0.24410115,0.2872256,-0.41382375,-0.06563576,0.23958567,0.33010334,-0.054812353,-0.2321782,0.53807074,0.40090314,-0.13543622,-0.40179345,0.2887728,0.04856459,-0.40192425,-0.79496074,-0.24193583,802.23444,798.60803,804.2491,788.5348,780.4762,-0.2490234375,0.0087890625,0.95428466796875,2.624359130859375,-4.044952392578125,0.28411865234375,1.0,1.0,1.0,1.0,1.0,85.0,event
10:30:29.073,0.44643235,-0.21869656,0.38677758,0.24410115,0.2872256,-0.41382375,-0.06563576,0.23958567,0.33010334,-0.054812353,-0.2321782,0.53807074,0.40090314,-0.13543622,-0.40179345,0.2887728,0.04856459,-0.40192425,-0.79496074,-0.24193583,798.20514,809.89014,805.8608,790.14655,784.5055,-0.2490234375,0.0087890625,0.95428466796875,2.624359130859375,-4.044952392578125,0.28411865234375,1.0,1.0,1.0,1.0,1.0,85.0,event
10:30:29.074,0.44643235,-0.21869656,0.38677758,0.24410115,0.2872256,-0.41382375,-0.06563576,0.23958567,0.33010334,-0.054812353,-0.2321782,0.53807074,0.40090314,-0.13543622,-0.40179345,0.2887728,0.04856459,-0.40192425,-0.79496074,-0.24193583,798.20514,803.44324,807.8755,805.05493,785.31134,-0.2490234375,0.0087890625,0.95428466796875,2.624359130859375,-4.044952392578125,0.28411865234375,1.0,1.0,1.0,1.0,1.0,85.0,event
10:30:29.075,0.44643235,-0.21869656,0.38677758,0.24410115,0.2872256,-0.41382375,-0.06563576,0.23958567,0.33010334,-0.054812353,-0.2321782,0.53807074,0.40090314,-0.13543622,-0.40179345,0.2887728,0.04856459,-0.40192425,-0.79496074,-0.24193583,793.36993,799.011,804.2491,805.4579,810.293,-0.2490234375,0.0087890625,0.95428466796875,2.624359130859375,-4.044952392578125,0.28411865234375,1.0,1.0,1.0,1.0,1.0,85.0,event
10:30:29.075,0.44643235,-0.21869656,0.38677758,0.24410115,0.2872256,-0.41382375,-0.06563576,0.23958567,0.33010334,-0.054812353,-0.2321782,0.53807074,0.40090314,-0.13543622,-0.40179345,0.2887728,0.04856459,-0.40192425,-0.79496074,-0.24193583,813.1135,798.60803,805.8608,810.696,1045.6044,-0.2490234375,0.0087890625,0.95428466796875,2.624359130859375,-4.044952392578125,0.28411865234375,1.0,1.0,1.0,1.0,1.0,85.0,event
10:30:29.076,0.44643235,-0.21869656,0.38677758,0.24410115,0.2872256,-0.41382375,-0.06563576,0.23958567,0.33010334,-0.054812353,-0.2321782,0.53807074,0.40090314,-0.13543622,-0.40179345,0.2887728,0.04856459,-0.40192425,-0.79496074,-0.24193583,800.6227,802.6374,810.696,797.3993,1151.978,-0.2490234375,0.0087890625,0.95428466796875,2.624359130859375,-4.044952392578125,0.28411865234375,1.0,1.0,1.0,1.0,1.0,85.0,event
10:30:29.077,0.44643235,-0.21869656,0.38677758,0.24410115,0.2872256,-0.41382375,-0.06563576,0.23958567,0.33010334,-0.054812353,-0.2321782,0.53807074,0.40090314,-0.13543622,-0.40179345,0.2887728,0.04856459,-0.40192425,-0.79496074,-0.24193583,790.14655,817.1429,810.293,792.5641,798.20514,-0.2490234375,0.0087890625,0.95428466796875,2.624359130859375,-4.044952392578125,0.28411865234375,1.0,1.0,1.0,1.0,1.0,85.0,event
10:30:29.078,0.44643235,-0.21869656,0.38677758,0.24410115,0.2872256,-0.41382375,-0.06563576,0.23958567,0.33010334,-0.054812353,-0.2321782,0.53807074,0.40090314,-0.13543622,-0.40179345,0.2887728,0.04856459,-0.40192425,-0.79496074,-0.24193583,788.93774,803.8461,804.65204,791.75824,654.7619,-0.2490234375,0.0087890625,0.95428466796875,2.624359130859375,-4.044952392578125,0.28411865234375,1.0,1.0,1.0,1.0,1.0,85.0,event
10:30:29.078,0.44643235,-0.21869656,0.38677758,0.24410115,0.2872256,-0.41382375,-0.06563576,0.23958567,0.33010334,-0.054812353,-0.2321782,0.53807074,0.40090314,-0.13543622,-0.40179345,0.2887728,0.04856459,-0.40192425,-0.79496074,-0.24193583,783.2967,807.0696,809.4872,788.93774,806.26373,-0.2490234375,0.0087890625,0.95428466796875,2.624359130859375,-4.044952392578125,0.28411865234375,1.0,1.0,1.0,1.0,1.0,85.0,event
10:30:29.079,0.44643235,-0.21869656,0.38677758,0.24410115,0.2872256,-0.41382375,-0.06563576,0.23958567,0.33010334,-0.054812353,-0.2321782,0.53807074,0.40090314,-0.13543622,-0.40179345,0.2887728,0.04856459,-0.40192425,-0.79496074,-0.24193583,793.36993,817.5458,811.50183,805.05493,836.08057,-0.2490234375,0.0087890625,0.95428466796875,2.624359130859375,-4.044952392578125,0.28411865234375,1.0,1.0,1.0,1.0,1.0,85.0,event
10:30:29.108,0.44643235,-0.21869656,0.38677758,0.24410115,0.2872256,-0.41382375,-0.06563576,0.23958567,0.33010334,-0.054812353,-0.2321782,0.53807074,0.40090314,-0.13543622,-0.40179345,0.2887728,0.04856459,-0.40192425,-0.79496074,-0.24193583,791.75824,806.26373,806.6667,788.1319,734.94507,-0.24835205078125,0.01885986328125,0.9613037109375,3.282318115234375,-5.316009521484375,0.635528564453125,1.0,1.0,1.0,1.0,1.0,85.0,event
10:30:29.109,0.44643235,-0.21869656,0.38677758,0.24410115,0.2872256,-0.41382375,-0.06563576,0.23958567,0.33010334,-0.054812353,-0.2321782,0.53807074,0.40090314,-0.13543622,-0.40179345,0.2887728,0.04856459,-0.40192425,-0.79496074,-0.24193583,776.4469,797.3993,812.71063,773.22345,715.2015,-0.24835205078125,0.01885986328125,0.9613037109375,3.282318115234375,-5.316009521484375,0.635528564453125,1.0,1.0,1.0,1.0,1.0,85.0,event
10:30:29.110,0.44643235,-0.21869656,0.38677758,0.24410115,0.2872256,-0.41382375,-0.06563576,0.23958567,0.33010334,-0.054812353,-0.2321782,0.53807074,0.40090314,-0.13543622,-0.40179345,0.2887728,0.04856459,-0.40192425,-0.79496074,-0.24193583,785.7143,799.81683,814.3223,788.1319,726.08057,-0.24835205078125,0.01885986328125,0.9613037109375,3.282318115234375,-5.316009521484375,0.635528564453125,1.0,1.0,1.0,1.0,1.0,85.0,event
10:30:29.111,0.44643235,-0.21869656,0.38677758,0.24410115,0.2872256,-0.41382375,-0.06563576,0.23958567,0.33010334,-0.054812353,-0.2321782,0.53807074,0.40090314,-0.13543622,-0.40179345,0.2887728,0.04856459,-0.40192425,-0.79496074,-0.24193583,794.17584,802.6374,813.1135,799.011,760.32965,-0.24835205078125,0.01885986328125,0.9613037109375,3.282318115234375,-5.316009521484375,0.635528564453125,1.0,1.0,1.0,1.0,1.0,85.0,event
10:30:29.112,0.44643235,-0.21869656,0.38677758,0.24410115,0.2872256,-0.41382375,-0.06563576,0.23958567,0.33010334,-0.054812353,-0.2321782,0.53807074,0.40090314,-0.13543622,-0.40179345,0.2887728,0.04856459,-0.40192425,-0.79496074,-0.24193583,789.7436,796.1905,810.696,797.3993,740.18317,-0.24835205078125,0.01885986328125,0.9613037109375,3.282318115234375,-5.316009521484375,0.635528564453125,1.0,1.0,1.0,1.0,1.0,85.0,event
10:30:29.113,0.44643235,-0.21869656,0.38677758,0.24410115,0.2872256,-0.41382375,-0.06563576,0.23958567,0.33010334,-0.054812353,-0.2321782,0.53807074,0.40090314,-0.13543622,-0.40179345,0.2887728,0.04856459,-0.40192425,-0.79496074,-0.24193583,788.1319,784.5055,810.293,788.5348,763.5531,-0.24835205078125,0.01885986328125,0.9613037109375,3.282318115234375,-5.316009521484375,0.635528564453125,1.0,1.0,1.0,1.0,1.0,85.0,event
10:30:29.114,0.44643235,-0.21869656,0.38677758,0.24410115,0.2872256,-0.41382375,-0.06563576,0.23958567,0.33010334,-0.054812353,-0.2321782,0.53807074,0.40090314,-0.13543622,-0.40179345,0.2887728,0.04856459,-0.40192425,-0.79496074,-0.24193583,784.10254,797.3993,813.91943,786.52014,1034.3224,-0.24835205078125,0.01885986328125,0.9613037109375,3.282318115234375,-5.316009521484375,0.635528564453125,1.0,1.0,1.0,1.0,1.0,85.0,event
10:30:29.115,0.44643235,-0.21869656,0.38677758,0.24410115,0.2872256,-0.41382375,-0.06563576,0.23958567,0.33010334,-0.054812353,-0.2321782,0.53807074,0.40090314,-0.13543622,-0.40179345,0.2887728,0.04856459,-0.40192425,-0.79496074,-0.24193583,789.34064,814.3223,818.3516,794.9817,909.011,-0.24835205078125,0.01885986328125,0.9613037109375,3.282318115234375,-5.316009521484375,0.635528564453125,1.0,1.0,1.0,1.0,1.0,85.0,event
10:30:29.115,0.44643235,-0.21869656,0.38677758,0.24410115,0.2872256,-0.41382375,-0.06563576,0.23958567,0.33010334,-0.054812353,-0.2321782,0.53807074,0.40090314,-0.13543622,-0.40179345,0.2887728,0.04856459,-0.40192425,-0.79496074,-0.24193583,794.9817,802.6374,819.9634,798.60803,630.18317,-0.24835205078125,0.01885986328125,0.9613037109375,3.282318115234375,-5.316009521484375,0.635528564453125,1.0,1.0,1.0,1.0,1.0,85.0,event
10:30:29.116,0.44643235,-0.21869656,0.38677758,0.24410115,0.2872256,-0.41382375,-0.06563576,0.23958567,0.33010334,-0.054812353,-0.2321782,0.53807074,0.40090314,-0.13543622,-0.40179345,0.2887728,0.04856459,-0.40192425,-0.79496074,-0.24193583,794.9817,792.1612,815.5311,809.0842,719.6337,-0.24835205078125,0.01885986328125,0.9613037109375,3.282318115234375,-5.316009521484375,0.635528564453125,1.0,1.0,1.0,1.0,1.0,85.0,event
10:30:29.117,0.44643235,-0.21869656,0.38677758,0.24410115,0.2872256,-0.41382375,-0.06563576,0.23958567,0.33010334,-0.054812353,-0.2321782,0.53807074,0.40090314,-0.13543622,-0.40179345,0.2887728,0.04856459,-0.40192425,-0.79496074,-0.24193583,798.60803,795.38464,814.3223,796.1905,840.9158,-0.24835205078125,0.01885986328125,0.9613037109375,3.282318115234375,-5.316009521484375,0.635528564453125,1.0,1.0,1.0,1.0,1.0,85.0,event
10:30:29.117,0.44643235,-0.21869656,0.38677758,0.24410115,0.2872256,-0.41382375,-0.06563576,0.23958567,0.33010334,-0.054812353,-0.2321782,0.53807074,0.40090314,-0.13543622,-0.40179345,0.2887728,0.04856459,-0.40192425,-0.79496074,-0.24193583,790.54944,804.65204,819.15753,778.86444,771.2088,-0.24835205078125,0.01885986328125,0.9613037109375,3.282318115234375,-5.316009521484375,0.635528564453125,1.0,1.0,1.0,1.0,1.0,85.0,event
10:30:29.145,0.44643235,-0.21869656,0.38677758,0.24410115,0.2872256,-0.41382375,-0.06563576,0.23958567,0.33010334,-0.054812353,-0.2321782,0.53807074,0.40090314,-0.13543622,-0.40179345,0.2887728,0.04856459,-0.40192425,-0.79496074,-0.24193583,790.9524,801.8315,818.7546,788.5348,661.6117,-0.2445068359375,0.0281982421875,0.96697998046875,1.727142333984375,-5.03936767578125,1.79443359375,1.0,1.0,1.0,1.0,1.0,85.0,event
10:30:29.147,0.44643235,-0.21869656,0.38677758,0.24410115,0.2872256,-0.41382375,-0.06563576,0.23958567,0.33010334,-0.054812353,-0.2321782,0.53807074,0.40090314,-0.13543622,-0.40179345,0.2887728,0.04856459,-0.40192425,-0.79496074,-0.24193583,797.8022,799.81683,815.9341,803.0403,888.46155,-0.2445068359375,0.0281982421875,0.96697998046875,1.727142333984375,-5.03936767578125,1.79443359375,1.0,1.0,1.0,1.0,1.0,85.0,event
10:30:29.147,0.44643235,-0.21869656,0.38677758,0.24410115,0.2872256,-0.41382375,-0.06563576,0.23958567,0.33010334,-0.054812353,-0.2321782,0.53807074,0.40090314,-0.13543622,-0.40179345,0.2887728,0.04856459,-0.40192425,-0.79496074,-0.24193583,802.23444,795.38464,814.7253,796.5934,819.9634,-0.2445068359375,0.0281982421875,0.96697998046875,1.727142333984375,-5.03936767578125,1.79443359375,1.0,1.0,1.0,1.0,1.0,85.0,event
10:30:29.148,0.44643235,-0.21869656,0.38677758,0.24410115,0.2872256,-0.41382375,-0.06563576,0.23958567,0.33010334,-0.054812353,-0.2321782,0.53807074,0.40090314,-0.13543622,-0.40179345,0.2887728,0.04856459,-0.40192425,-0.79496074,-0.24193583,782.8938,804.65204,816.7399,778.86444,721.2454,-0.2445068359375,0.0281982421875,0.96697998046875,1.727142333984375,-5.03936767578125,1.79443359375,1.0,1.0,1.0,1.0,1.0,85.0,event
10:30:29.149,0.44643235,-0.21869656,0.38677758,0.24410115,0.2872256,-0.41382375,-0.06563576,0.23958567,0.33010334,-0.054812353,-0.2321782,0.53807074,0.40090314,-0.13543622,-0.40179345,0.2887728,0.04856459,-0.40192425,-0.79496074,-0.24193583,771.6117,787.72894,817.5458,774.83514,698.2784,-0.2445068359375,0.0281982421875,0.96697998046875,1.727142333984375,-5.03936767578125,1.79443359375,1.0,1.0,1.0,1.0,1.0,85.0,event
10:30:29.150,0.44643235,-0.21869656,0.38677758,0.24410115,0.2872256,-0.41382375,-0.06563576,0.23958567,0.33010334,-0.054812353,-0.2321782,0.53807074,0.40090314,-0.13543622,-0.40179345,0.2887728,0.04856459,-0.40192425,-0.79496074,-0.24193583,741.39197,781.28204,814.7253,780.07324,871.13556,-0.2445068359375,0.0281982421875,0.96697998046875,1.727142333984375,-5.03936767578125,1.79443359375,1.0,1.0,1.0,1.0,1.0,85.0,event
10:30:29.151,0.44643235,-0.21869656,0.38677758,0.24410115,0.2872256,-0.41382375,-0.06563576,0.23958567,0.33010334,-0.054812353,-0.2321782,0.53807074,0.40090314,-0.13543622,-0.40179345,0.2887728,0.04856459,-0.40192425,-0.79496074,-0.24193583,763.95605,800.6227,809.89014,773.22345,954.5421,-0.2445068359375,0.0281982421875,0.96697998046875,1.727142333984375,-5.03936767578125,1.79443359375,1.0,1.0,1.0,1.0,1.0,85.0,event
10:30:29.152,0.44643235,-0.21869656,0.38677758,0.24410115,0.2872256,-0.41382375,-0.06563576,0.23958567,0.33010334,-0.054812353,-0.2321782,0.53807074,0.40090314,-0.13543622,-0.40179345,0.2887728,0.04856459,-0.40192425,-0.79496074,-0.24193583,796.5934,803.8461,814.3223,775.2381,873.5531,-0.2445068359375,0.0281982421875,0.96697998046875,1.727142333984375,-5.03936767578125,1.79443359375,1.0,1.0,1.0,1.0,1.0,85.0,event
