TimeStamp,X,Y,Event
12:11:04.4239,542.8,181.8,fixation
12:11:4.42439,543.3,184.1,fixation
12:11:4.42488,543.3,186.3,fixation
12:11:4.42538,543.2,188.3,fixation
12:11:4.42587,543.6,190.6,fixation
12:11:4.42636,544.7,191.0,fixation
12:11:4.42686,544.7,191.3,fixation
12:11:4.42735,544.7,191.9,fixation
12:11:4.42784,543.9,191.8,fixation
12:11:4.42833,544.0,192.4,fixation
12:11:4.42883,545.1,194.1,fixation
12:11:4.42932,545.3,196.3,fixation
12:11:4.42981,545.0,196.5,fixation
12:11:4.43030,544.7,196.1,fixation
12:11:4.4308,544.1,194.9,fixation
12:11:4.43129,543.5,194.4,fixation
12:11:4.43178,543.7,194.7,fixation
12:11:4.43227,544.4,195.1,fixation
12:11:4.43277,544.6,195.0,fixation
12:11:4.43326,544.9,195.0,fixation
12:11:4.43375,545.7,193.8,fixation
12:11:4.43425,545.6,194.5,fixation
12:11:4.43474,545.1,196.0,fixation
12:11:4.43523,545.1,193.5,fixation
12:11:4.43572,544.9,191.6,fixation
12:11:4.43622,544.1,191.8,fixation
12:11:4.43671,544.2,191.6,fixation
12:11:4.43720,544.1,190.0,fixation
12:11:4.43769,542.8,187.9,fixation
12:11:4.43819,542.6,186.0,fixation
12:11:4.43868,543.2,184.9,fixation
12:11:4.43917,544.1,186.8,fixation
12:11:4.43967,544.4,189.6,fixation
12:11:4.44016,544.2,194.0,fixation
12:11:4.44065,543.5,194.1,fixation
12:11:4.44114,543.7,190.9,fixation
12:11:4.44164,543.3,190.1,fixation
12:11:4.44213,542.8,190.2,fixation
12:11:4.44262,543.2,192.4,fixation
12:11:4.44311,543.2,193.7,fixation
12:11:4.44361,544.0,194.5,fixation
12:11:4.44410,544.2,195.0,fixation
12:11:4.44459,544.3,194.4,fixation
12:11:4.44508,544.6,192.4,fixation
12:11:4.44558,545.3,194.1,fixation
12:11:4.44607,545.4,196.2,fixation
12:11:4.44656,542.8,195.5,fixation
12:11:4.44706,542.0,196.2,fixation
12:11:4.44755,541.8,195.0,fixation
12:11:4.44804,542.8,193.0,fixation
12:11:4.44853,543.6,193.0,fixation
12:11:4.44903,542.8,193.6,fixation
12:11:4.44952,542.9,197.5,fixation
12:11:4.45001,543.0,201.6,fixation
12:11:4.45050,542.6,200.0,fixation
12:11:4.451,542.4,198.4,fixation
12:11:4.45149,542.1,199.0,fixation
12:11:4.45198,541.6,197.0,fixation
12:11:4.45247,542.3,194.9,fixation
12:11:4.45297,542.7,195.5,fixation
12:11:4.45346,543.2,196.1,fixation
12:11:4.45395,543.8,194.9,fixation
12:11:4.45445,543.1,195.3,fixation
12:11:4.45494,543.4,197.5,fixation
12:11:4.45543,544.2,197.2,fixation
12:11:4.45592,544.0,197.0,fixation
12:11:4.45642,543.6,196.7,fixation
12:11:4.45691,543.8,195.7,fixation
12:11:4.45740,544.2,196.0,fixation
12:11:4.45789,544.2,196.5,fixation
12:11:4.45839,544.0,196.4,fixation
12:11:4.45888,544.0,195.6,fixation
12:11:4.45937,543.5,194.9,fixation
12:11:4.45987,543.8,194.4,fixation
12:11:4.46036,544.2,194.4,fixation
12:11:4.46085,543.8,194.5,fixation
12:11:4.46134,543.4,192.7,fixation
12:11:4.46184,543.3,190.8,fixation
12:11:4.46233,542.7,188.4,fixation
12:11:4.46282,542.3,187.6,fixation
12:11:4.46331,542.2,186.4,fixation
12:11:4.46381,542.5,184.1,fixation
12:11:4.46430,542.1,182.8,fixation
12:11:4.46479,541.1,182.4,fixation
12:11:4.46528,541.2,181.9,fixation
12:11:4.46578,542.1,183.2,fixation
12:11:4.46627,542.0,186.4,fixation
12:11:4.46676,541.6,188.9,fixation
12:11:4.46726,541.8,187.5,fixation
12:11:4.46775,541.5,186.3,fixation
12:11:4.46824,541.1,187.3,fixation
12:11:4.46873,541.3,187.6,fixation
12:11:4.46923,541.8,187.9,fixation
12:11:4.46972,541.5,187.8,fixation
12:11:4.47021,541.3,188.3,fixation
12:11:4.47070,541.5,190.5,fixation
12:11:4.4712,540.8,190.3,fixation
12:11:4.47169,540.9,187.7,fixation
12:11:4.47218,541.8,189.0,fixation
12:11:4.47267,541.5,191.2,fixation
12:11:4.47317,541.2,191.0,fixation
12:11:4.47366,541.5,192.5,fixation
12:11:4.47415,541.7,193.6,fixation
12:11:4.47465,540.9,193.6,fixation
12:11:4.47514,541.1,192.4,fixation
12:11:4.47563,541.4,190.9,fixation
12:11:4.47612,541.3,187.9,fixation
12:11:4.47662,541.9,185.2,fixation
12:11:4.47711,542.5,185.4,fixation
12:11:4.47760,541.8,185.4,fixation
12:11:4.47809,542.8,187.9,fixation
12:11:4.47859,543.5,188.9,fixation
12:11:4.47908,544.6,189.0,fixation
12:11:4.47957,544.2,188.3,fixation
12:11:4.48006,543.4,188.8,fixation
12:11:4.48056,543.7,191.3,fixation
12:11:4.48105,543.8,192.7,fixation
12:11:4.48154,544.6,192.7,fixation
12:11:4.48204,545.9,192.7,fixation
12:11:4.48253,546.8,193.0,fixation
12:11:4.48302,546.5,193.7,fixation
12:11:4.48351,546.2,193.4,fixation
12:11:4.48401,546.2,193.4,fixation
12:11:4.48450,546.2,193.2,fixation
12:11:4.48499,546.1,193.2,fixation
12:11:4.48548,545.7,193.5,fixation
12:11:4.48598,543.2,193.6,fixation
12:11:4.48647,541.5,192.6,fixation
12:11:4.48696,542.2,193.6,fixation
12:11:4.48746,542.2,196.6,fixation
12:11:4.48795,541.6,198.4,fixation
12:11:4.48844,542.2,197.9,fixation
12:11:4.48893,542.4,197.3,fixation
12:11:4.48943,541.6,195.9,fixation
12:11:4.48992,541.4,195.9,fixation
12:11:4.49041,541.9,196.2,fixation
12:11:4.49090,542.0,197.3,fixation
12:11:4.4914,542.1,198.5,fixation
12:11:4.49189,542.3,196.3,fixation
12:11:4.49238,542.3,193.5,fixation
12:11:4.49287,541.6,192.3,fixation
12:11:4.49337,541.2,191.8,fixation
12:11:4.49386,541.2,192.0,fixation
12:11:4.49435,540.8,192.1,fixation
12:11:4.49485,541.6,191.2,fixation
12:11:4.49534,541.8,191.5,fixation
12:11:4.49583,541.5,191.5,fixation
12:11:4.49632,541.6,190.2,fixation
12:11:4.49682,542.5,189.4,fixation
12:11:4.49731,543.8,189.3,fixation
12:11:4.49780,544.0,189.8,fixation
12:11:4.49829,544.2,192.8,fixation
12:11:4.49879,544.6,195.7,fixation
12:11:4.49928,545.1,196.1,fixation
12:11:4.49977,545.8,195.7,fixation
12:11:4.50026,546.0,196.0,fixation
12:11:4.50076,546.1,196.2,fixation
12:11:4.50125,545.8,196.8,fixation
12:11:4.50174,545.4,197.2,fixation
12:11:4.50224,545.7,197.2,fixation
12:11:4.50273,546.1,196.9,fixation
12:11:4.50322,546.0,198.9,fixation
12:11:4.50371,546.5,201.4,fixation
12:11:4.50421,547.6,202.6,fixation
12:11:4.50470,547.7,204.4,fixation
12:11:4.50519,547.7,204.3,fixation
12:11:4.50568,547.6,202.6,fixation
12:11:4.50618,547.4,201.2,fixation
12:11:4.50667,547.4,202.3,fixation
12:11:4.50716,547.7,203.3,fixation
12:11:4.50766,547.9,203.4,fixation
12:11:4.50815,547.9,204.5,fixation
12:11:4.50864,547.4,205.5,fixation
12:11:4.50913,546.6,204.5,fixation
12:11:4.50963,546.5,202.8,fixation
12:11:4.51012,546.5,202.7,fixation
12:11:4.51061,546.1,201.7,fixation
12:11:4.51110,545.6,200.5,fixation
12:11:4.5116,546.6,202.4,fixation
12:11:4.51209,547.0,203.6,fixation
12:11:4.51258,546.0,203.7,fixation
12:11:4.51307,545.6,202.5,fixation
12:11:4.51357,545.5,201.8,fixation
12:11:4.51406,545.6,200.6,fixation
12:11:4.51455,545.9,198.7,fixation
12:11:4.51505,547.1,198.5,fixation
12:11:4.51554,549.2,199.7,fixation
12:11:4.51603,548.6,200.3,fixation
12:11:4.51652,547.1,199.4,fixation
12:11:4.51702,547.2,198.5,fixation
12:11:4.51751,547.2,198.9,fixation
12:11:4.51800,546.7,199.0,fixation
12:11:4.51849,546.7,198.5,fixation
12:11:4.51899,547.1,195.8,fixation
12:11:4.51948,546.1,193.2,fixation
12:11:4.51997,545.7,192.3,fixation
12:11:4.52046,545.2,189.5,fixation
12:11:4.52096,544.6,187.9,fixation
12:11:4.52145,542.8,188.1,fixation
12:11:4.52194,542.0,191.1,fixation
12:11:4.52244,542.3,192.6,fixation
12:11:4.52293,543.1,192.6,fixation
12:11:4.52342,543.0,193.6,fixation
12:11:4.52391,542.1,194.5,fixation
12:11:4.52441,541.8,194.8,fixation
12:11:4.52490,542.0,194.7,fixation
12:11:4.52539,542.4,194.1,fixation
12:11:4.52588,542.7,193.3,fixation
12:11:4.52638,542.8,193.7,fixation
12:11:4.52687,544.7,194.9,fixation
12:11:4.52736,546.2,195.6,fixation
12:11:4.52785,546.2,194.6,fixation
12:11:4.52835,548.7,196.9,fixation
12:11:4.52884,548.7,197.4,fixation
12:11:4.52933,547.8,198.9,fixation
12:11:4.52983,546.7,200.5,fixation
12:11:4.53032,545.0,200.6,fixation
12:11:4.53081,545.2,200.9,fixation
12:11:4.53130,544.9,202.1,fixation
12:11:4.5318,544.6,203.7,fixation
12:11:4.53229,543.5,204.0,fixation
12:11:4.53278,542.5,203.8,fixation
12:11:4.53327,542.5,204.0,fixation
12:11:4.53377,542.4,203.9,fixation
12:11:4.53426,542.2,201.6,fixation
12:11:4.53475,542.3,200.3,fixation
12:11:4.53525,542.5,201.2,fixation
12:11:4.53574,543.2,202.3,fixation
12:11:4.53623,543.6,203.8,fixation
12:11:4.53672,543.3,203.3,fixation
12:11:4.53722,543.3,201.9,fixation
12:11:4.53771,543.3,201.3,fixation
12:11:4.53820,543.8,201.4,fixation
12:11:4.53869,545.3,201.7,fixation
12:11:4.53919,546.2,201.6,fixation
12:11:4.53968,546.5,201.5,fixation
12:11:4.54017,547.0,201.4,fixation
12:11:4.54066,546.9,200.6,fixation
12:11:4.54116,546.7,200.0,fixation
12:11:4.54165,546.4,200.6,fixation
12:11:4.54214,546.2,200.2,fixation
12:11:4.54264,546.0,199.6,fixation
12:11:4.54313,545.5,202.2,fixation
12:11:4.54362,546.0,202.4,fixation
12:11:4.54411,546.5,200.9,fixation
12:11:4.54461,546.5,200.8,fixation
12:11:4.54510,546.6,200.6,fixation
12:11:4.54559,546.7,200.0,fixation
12:11:4.54608,546.1,199.8,fixation
12:11:4.54658,545.3,198.6,fixation
12:11:4.54707,545.4,199.1,fixation
12:11:4.54756,546.0,200.8,fixation
12:11:4.54805,546.4,201.1,fixation
12:11:4.54855,546.2,200.0,fixation
12:11:4.54904,545.9,200.3,fixation
12:11:4.54953,545.0,200.9,fixation
12:11:4.55003,544.3,199.9,fixation
12:11:4.55052,544.3,198.4,fixation
12:11:4.55101,544.7,197.5,fixation
12:11:4.55150,546.0,198.1,fixation
12:11:4.552,546.9,199.0,fixation
12:11:4.55249,546.1,198.8,fixation
12:11:4.55298,545.2,198.8,fixation
12:11:4.55347,545.5,198.3,fixation
12:11:4.55397,545.7,198.3,fixation
12:11:4.55446,545.7,199.0,fixation
12:11:4.55495,545.6,199.3,fixation
12:11:4.55544,545.8,199.3,fixation
12:11:4.55594,545.8,200.0,fixation
12:11:4.55643,545.9,201.7,fixation
12:11:4.55692,546.4,203.2,fixation
12:11:4.55742,546.5,202.5,fixation
12:11:4.55791,546.4,201.0,fixation
12:11:4.55840,545.8,201.0,fixation
12:11:4.55889,545.1,203.5,fixation
12:11:4.55939,544.8,203.8,fixation
12:11:4.55988,545.2,204.8,fixation
12:11:4.56037,545.8,207.1,fixation
12:11:4.56086,544.2,207.8,fixation
12:11:4.56136,543.9,206.7,fixation
12:11:4.56185,544.6,204.0,fixation
12:11:4.56234,544.3,199.8,fixation
12:11:4.56284,544.8,198.5,fixation
12:11:4.56333,545.5,200.0,fixation
12:11:4.56382,545.6,201.9,fixation
12:11:4.56431,545.5,203.0,fixation
12:11:4.56481,544.9,203.9,fixation
12:11:4.56530,544.5,204.6,fixation
12:11:4.56579,544.8,207.8,fixation
12:11:4.56628,544.4,210.2,fixation
12:11:4.56678,544.4,208.5,fixation
12:11:4.56727,545.2,205.2,fixation
12:11:4.56776,546.1,202.7,fixation
12:11:4.56825,546.2,202.2,fixation
12:11:4.56875,545.5,202.1,fixation
12:11:4.56924,544.7,202.7,fixation
12:11:4.56973,544.7,205.1,fixation
12:11:4.57023,544.2,208.6,fixation
12:11:4.57072,543.8,208.9,fixation
12:11:4.57121,544.2,204.7,fixation
12:11:4.57170,545.0,203.5,fixation
12:11:4.5722,545.4,204.4,fixation
12:11:4.57269,545.8,205.0,saccade
12:11:4.57318,545.5,206.8,saccade
12:11:4.57367,543.4,207.6,saccade
12:11:4.57417,540.5,206.3,saccade
12:11:4.57466,533.5,201.0,saccade
12:11:4.57515,522.5,196.7,saccade
12:11:4.57564,510.8,194.3,saccade
12:11:4.57614,504.6,192.4,saccade
12:11:4.57663,502.9,188.1,saccade
12:11:4.57712,505.2,187.5,saccade
12:11:4.57762,513.1,188.8,saccade
12:11:4.57811,520.5,189.1,saccade
12:11:4.57860,525.8,190.8,fixation
12:11:4.57909,526.8,189.2,fixation
12:11:4.57959,526.3,191.9,fixation
12:11:4.58008,524.5,189.3,fixation
12:11:4.58057,523.4,187.3,fixation
12:11:4.58106,523.9,189.9,fixation
12:11:4.58156,524.5,194.4,fixation
12:11:4.58205,524.7,196.0,fixation
12:11:4.58254,525.5,196.6,fixation
12:11:4.58304,526.0,196.6,fixation
12:11:4.58353,525.4,195.8,fixation
12:11:4.58402,524.8,193.9,fixation
12:11:4.58451,524.7,193.5,fixation
12:11:4.58501,524.9,195.5,fixation
12:11:4.58550,525.6,196.4,fixation
12:11:4.58599,525.0,196.5,fixation
12:11:4.58648,524.3,195.8,fixation
12:11:4.58698,524.5,194.6,fixation
12:11:4.58747,524.5,193.9,fixation
12:11:4.58796,524.4,193.7,fixation
12:11:4.58845,523.7,193.4,fixation
12:11:4.58895,523.2,192.4,fixation
12:11:4.58944,523.0,188.1,fixation
12:11:4.58993,523.0,186.8,fixation
12:11:4.59043,522.9,187.0,fixation
12:11:4.59092,522.4,184.4,fixation
12:11:4.59141,522.1,184.3,fixation
12:11:4.59190,521.8,188.4,fixation
12:11:4.5924,520.5,190.5,fixation
12:11:4.59289,520.0,192.3,fixation
12:11:4.59338,520.7,194.1,fixation
12:11:4.59387,520.9,194.5,fixation
12:11:4.59437,520.7,193.4,fixation
12:11:4.59486,520.7,194.4,fixation
12:11:4.59535,521.9,196.3,fixation
12:11:4.59584,523.0,196.3,fixation
12:11:4.59634,523.0,195.3,fixation
12:11:4.59683,523.9,196.3,fixation
12:11:4.59732,525.7,198.4,fixation
12:11:4.59782,526.0,199.2,fixation
12:11:4.59831,526.4,199.2,fixation
12:11:4.59880,526.5,199.6,fixation
12:11:4.59929,526.2,200.4,fixation
12:11:4.59979,527.0,201.2,fixation
12:11:4.60028,528.2,203.0,fixation
12:11:4.60077,527.8,203.0,fixation
12:11:4.60126,527.2,202.0,fixation
12:11:4.60176,527.2,201.1,fixation
12:11:4.60225,527.2,200.8,fixation
12:11:4.60274,526.4,200.0,fixation
12:11:4.60323,525.8,199.8,fixation
12:11:4.60373,525.0,200.1,fixation
12:11:4.60422,524.7,199.4,fixation
12:11:4.60471,523.9,199.2,fixation
12:11:4.60521,523.4,199.8,fixation
12:11:4.60570,523.1,200.5,fixation
12:11:4.60619,523.0,200.7,fixation
12:11:4.60668,523.0,201.8,fixation
12:11:4.60718,523.3,201.8,fixation
12:11:4.60767,524.2,200.9,fixation
12:11:4.60816,524.5,201.1,fixation
12:11:4.60865,524.6,201.2,fixation
12:11:4.60915,524.8,201.1,fixation
12:11:4.60964,524.6,200.9,fixation
12:11:4.61013,525.4,200.5,fixation
12:11:4.61063,526.1,201.1,fixation
12:11:4.61112,526.1,202.1,fixation
12:11:4.61161,526.1,201.6,fixation
12:11:4.61210,525.7,201.1,fixation
12:11:4.6126,525.5,201.5,fixation
12:11:4.61309,526.3,201.9,fixation
12:11:4.61358,527.3,202.2,fixation
12:11:4.61407,527.2,200.9,fixation
12:11:4.61457,527.2,201.5,fixation
12:11:4.61506,527.1,202.0,fixation
12:11:4.61555,525.6,201.1,fixation
12:11:4.61604,525.2,199.5,fixation
12:11:4.61654,524.8,197.2,fixation
12:11:4.61703,524.5,196.8,fixation
12:11:4.61752,525.2,198.7,fixation
12:11:4.61802,525.2,201.5,fixation
12:11:4.61851,524.3,203.1,fixation
12:11:4.61900,523.8,203.4,fixation
12:11:4.61949,523.1,201.5,fixation
12:11:4.61999,522.7,198.8,fixation
12:11:4.62048,522.9,197.1,fixation
12:11:4.62097,522.9,195.9,fixation
12:11:4.62146,524.1,198.1,fixation
12:11:4.62196,524.6,199.9,fixation
12:11:4.62245,523.8,199.6,fixation
12:11:4.62294,523.9,199.7,fixation
12:11:4.62343,523.6,199.3,fixation
12:11:4.62393,523.1,198.9,fixation
12:11:4.62442,523.4,199.0,fixation
12:11:4.62491,525.1,201.0,fixation
12:11:4.62541,526.0,201.7,fixation
12:11:4.62590,525.9,200.7,fixation
12:11:4.62639,526.1,201.0,fixation
12:11:4.62688,526.6,201.9,fixation
12:11:4.62738,527.1,202.0,fixation
12:11:4.62787,527.2,201.4,fixation
12:11:4.62836,526.6,201.4,fixation
12:11:4.62885,525.8,202.1,fixation
12:11:4.62935,524.7,202.5,fixation
12:11:4.62984,524.4,202.5,fixation
12:11:4.63033,523.9,203.3,fixation
12:11:4.63083,522.8,205.4,fixation
12:11:4.63132,521.7,204.2,fixation
12:11:4.63181,520.5,202.7,fixation
12:11:4.63230,520.9,201.9,fixation
12:11:4.6328,519.6,200.7,fixation
12:11:4.63329,519.7,200.1,fixation
12:11:4.63378,520.4,198.6,fixation
12:11:4.63427,520.8,197.5,fixation
12:11:4.63477,521.5,197.0,fixation
12:11:4.63526,522.2,198.0,fixation
12:11:4.63575,522.9,200.3,fixation
12:11:4.63624,524.4,203.1,fixation
12:11:4.63674,525.2,205.8,fixation
12:11:4.63723,525.4,205.6,fixation
12:11:4.63772,525.3,205.1,fixation
12:11:4.63822,524.6,204.7,fixation
12:11:4.63871,523.1,204.1,fixation
12:11:4.63920,521.3,203.8,fixation
12:11:4.63969,520.5,204.1,fixation
12:11:4.64019,519.5,204.2,fixation
12:11:4.64068,519.1,203.2,fixation
12:11:4.64117,520.0,200.2,fixation
12:11:4.64166,520.7,203.0,fixation
12:11:4.64216,521.4,205.5,fixation
12:11:4.64265,522.0,205.3,fixation
12:11:4.64314,521.5,203.0,fixation
12:11:4.64363,521.5,202.1,fixation
12:11:4.64413,522.0,202.2,saccade
12:11:4.64462,522.7,205.1,saccade
12:11:4.64511,523.9,205.0,saccade
12:11:4.64561,526.9,201.8,saccade
12:11:4.64610,535.4,202.2,saccade
12:11:4.64659,553.8,205.0,saccade
12:11:4.64708,575.6,205.7,saccade
12:11:4.64758,603.8,206.5,saccade
12:11:4.64807,627.0,208.5,saccade
12:11:4.64856,642.6,208.7,saccade
12:11:4.64905,645.3,205.8,saccade
12:11:4.64955,638.6,201.9,saccade
12:11:4.65004,623.5,199.1,saccade
12:11:4.65053,607.7,201.5,saccade
12:11:4.65102,597.9,204.9,saccade
12:11:4.65152,593.1,207.7,saccade
12:11:4.65201,592.4,210.0,saccade
12:11:4.65250,593.0,209.8,fixation
12:11:4.653,594.4,209.2,fixation
12:11:4.65349,594.6,207.2,fixation
12:11:4.65398,593.3,203.2,fixation
12:11:4.65447,591.8,202.2,fixation
12:11:4.65497,592.2,206.2,fixation
12:11:4.65546,593.6,208.7,fixation
12:11:4.65595,594.2,210.0,fixation
12:11:4.65644,594.3,210.1,fixation
12:11:4.65694,594.8,209.9,fixation
12:11:4.65743,596.1,208.7,fixation
12:11:4.65792,596.8,207.2,fixation
12:11:4.65842,597.3,207.8,fixation
12:11:4.65891,598.4,209.9,fixation
12:11:4.65940,599.6,211.6,fixation
12:11:4.65989,598.7,213.8,fixation
12:11:4.66039,596.8,212.8,fixation
12:11:4.66088,596.0,209.8,fixation
12:11:4.66137,595.5,208.2,fixation
12:11:4.66186,595.3,207.8,fixation
12:11:4.66236,596.2,208.1,fixation
12:11:4.66285,597.2,209.8,fixation
12:11:4.66334,597.6,210.9,fixation
12:11:4.66383,597.8,211.5,fixation
12:11:4.66433,598.4,213.1,fixation
12:11:4.66482,598.8,215.0,fixation
12:11:4.66531,599.4,215.7,fixation
12:11:4.66581,600.2,214.6,fixation
12:11:4.66630,600.7,213.2,fixation
12:11:4.66679,600.9,213.2,fixation
12:11:4.66728,602.1,213.9,fixation
12:11:4.66778,602.4,213.2,fixation
12:11:4.66827,602.9,211.2,fixation
12:11:4.66876,603.3,209.7,fixation
12:11:4.66925,602.3,209.5,fixation
12:11:4.66975,601.0,210.7,fixation
12:11:4.67024,601.5,212.1,fixation
12:11:4.67073,601.6,213.2,fixation
12:11:4.67122,601.7,212.7,fixation
12:11:4.67172,600.7,211.2,fixation
12:11:4.67221,600.4,211.1,fixation
12:11:4.67270,600.5,213.3,fixation
12:11:4.6732,600.2,215.6,fixation
12:11:4.67369,601.0,215.7,fixation
12:11:4.67418,602.5,217.8,fixation
12:11:4.67467,604.1,219.7,fixation
12:11:4.67517,604.4,219.9,fixation
12:11:4.67566,604.5,218.6,fixation
12:11:4.67615,605.1,217.3,fixation
12:11:4.67664,605.1,216.4,fixation
12:11:4.67714,604.7,216.7,fixation
12:11:4.67763,603.7,216.9,fixation
12:11:4.67812,602.7,216.7,fixation
12:11:4.67862,601.2,217.3,fixation
12:11:4.67911,599.8,216.7,fixation
12:11:4.67960,601.1,215.3,fixation
12:11:4.68009,601.5,215.2,fixation
12:11:4.68059,602.0,215.1,fixation
12:11:4.68108,602.4,215.8,fixation
12:11:4.68157,601.3,217.2,fixation
12:11:4.68206,600.9,217.8,fixation
12:11:4.68256,601.5,216.6,fixation
12:11:4.68305,602.3,213.7,fixation
12:11:4.68354,603.5,214.3,fixation
12:11:4.68403,604.1,212.9,fixation
12:11:4.68453,604.0,216.6,fixation
12:11:4.68502,603.3,218.6,fixation
12:11:4.68551,602.4,219.3,fixation
12:11:4.68601,602.4,220.8,fixation
12:11:4.68650,602.4,220.5,fixation
12:11:4.68699,602.2,219.5,fixation
12:11:4.68748,602.6,218.4,fixation
12:11:4.68798,602.6,217.6,fixation
12:11:4.68847,603.1,217.2,fixation
12:11:4.68896,602.9,217.3,fixation
12:11:4.68945,602.2,217.3,fixation
12:11:4.68995,602.1,218.5,fixation
12:11:4.69044,601.9,218.6,fixation
12:11:4.69093,601.9,215.6,fixation
12:11:4.69142,602.5,212.7,fixation
12:11:4.69192,602.5,210.9,fixation
12:11:4.69241,602.1,210.2,fixation
12:11:4.69290,601.5,208.9,fixation
12:11:4.6934,602.4,209.1,fixation
12:11:4.69389,602.5,209.0,fixation
12:11:4.69438,602.4,210.8,fixation
12:11:4.69487,602.9,211.8,fixation
12:11:4.69537,602.5,212.2,fixation
12:11:4.69586,602.3,211.9,fixation
12:11:4.69635,601.9,213.3,fixation
12:11:4.69684,600.5,214.1,fixation
12:11:4.69734,599.8,213.8,fixation
12:11:4.69783,600.1,213.6,fixation
12:11:4.69832,599.8,216.0,fixation
12:11:4.69881,599.6,216.1,fixation
12:11:4.69931,600.4,216.9,fixation
12:11:4.69980,601.0,217.8,fixation
12:11:4.70029,601.3,218.6,fixation
12:11:4.70079,601.5,219.7,fixation
12:11:4.70128,603.1,220.1,fixation
12:11:4.70177,603.8,220.4,fixation
12:11:4.70226,603.5,218.1,fixation
12:11:4.70276,603.4,221.3,fixation
12:11:4.70325,602.7,221.8,fixation
12:11:4.70374,601.7,217.4,fixation
12:11:4.70423,602.4,216.6,fixation
12:11:4.70473,601.8,218.5,fixation
12:11:4.70522,602.1,219.5,fixation
12:11:4.70571,602.6,220.1,fixation
12:11:4.70621,602.2,218.5,fixation
12:11:4.70670,601.2,216.6,fixation
12:11:4.70719,601.0,216.5,fixation
12:11:4.70768,601.9,217.7,fixation
12:11:4.70818,602.4,219.3,fixation
12:11:4.70867,601.1,220.5,fixation
12:11:4.70916,601.9,220.7,fixation
12:11:4.70965,602.2,220.8,fixation
12:11:4.71015,601.8,220.8,fixation
12:11:4.71064,601.4,218.8,fixation
12:11:4.71113,601.2,219.0,fixation
12:11:4.71162,600.3,219.3,fixation
12:11:4.71212,600.2,217.9,fixation
12:11:4.71261,600.5,217.8,fixation
12:11:4.71310,600.4,217.3,fixation
12:11:4.7136,600.3,217.4,fixation
12:11:4.71409,599.9,217.7,fixation
12:11:4.71458,599.6,216.9,fixation
12:11:4.71507,600.1,215.9,fixation
12:11:4.71557,600.5,215.8,fixation
12:11:4.71606,601.4,215.7,fixation
12:11:4.71655,601.3,215.6,fixation
12:11:4.71704,601.0,215.3,fixation
12:11:4.71754,600.6,214.9,fixation
12:11:4.71803,600.2,213.6,fixation
12:11:4.71852,600.3,211.6,fixation
12:11:4.71901,600.4,208.9,fixation
12:11:4.71951,600.5,209.7,fixation
12:11:4.72000,600.4,210.2,fixation
12:11:4.72049,601.4,210.6,fixation
12:11:4.72099,601.9,209.7,fixation
12:11:4.72148,601.7,208.3,fixation
12:11:4.72197,601.5,208.7,fixation
12:11:4.72246,601.3,209.1,fixation
12:11:4.72296,601.1,207.9,fixation
12:11:4.72345,601.0,209.1,fixation
12:11:4.72394,601.2,213.2,fixation
12:11:4.72443,601.0,215.6,fixation
12:11:4.72493,600.6,216.1,fixation
12:11:4.72542,601.1,215.7,fixation
12:11:4.72591,601.6,213.9,fixation
12:11:4.72641,601.6,212.4,fixation
12:11:4.72690,600.7,211.3,fixation
12:11:4.72739,600.3,211.0,fixation
12:11:4.72788,600.4,211.0,fixation
12:11:4.72838,600.2,210.8,fixation
12:11:4.72887,599.5,210.7,fixation
12:11:4.72936,599.4,211.2,fixation
12:11:4.72985,599.5,212.2,fixation
12:11:4.73035,599.2,214.1,fixation
12:11:4.73084,598.7,216.9,fixation
12:11:4.73133,598.6,218.2,fixation
12:11:4.73182,598.4,218.1,fixation
12:11:4.73232,598.2,215.8,fixation
12:11:4.73281,597.9,213.8,fixation
12:11:4.73330,597.6,213.3,fixation
12:11:4.7338,597.4,209.8,fixation
12:11:4.73429,597.1,208.0,fixation
12:11:4.73478,597.1,207.5,fixation
12:11:4.73527,598.0,207.1,fixation
12:11:4.73577,599.3,208.6,fixation
12:11:4.73626,599.7,210.8,fixation
12:11:4.73675,599.5,211.3,fixation
12:11:4.73724,601.5,211.9,fixation
12:11:4.73774,602.2,213.1,fixation
12:11:4.73823,602.0,214.3,fixation
12:11:4.73872,601.9,214.8,fixation
12:11:4.73921,601.9,214.7,fixation
12:11:4.73971,601.7,215.5,fixation
12:11:4.74020,602.8,218.7,fixation
12:11:4.74069,602.4,220.2,fixation
12:11:4.74119,602.4,219.6,fixation
12:11:4.74168,602.9,219.7,fixation
12:11:4.74217,602.2,220.0,fixation
12:11:4.74266,601.3,219.0,fixation
12:11:4.74316,601.8,216.0,fixation
12:11:4.74365,601.9,214.5,fixation
12:11:4.74414,601.5,214.3,fixation
12:11:4.74463,601.8,213.0,fixation
12:11:4.74513,602.0,210.7,fixation
12:11:4.74562,601.6,210.0,fixation
12:11:4.74611,601.8,208.7,fixation
12:11:4.74660,602.4,208.6,fixation
12:11:4.7471,602.9,209.8,fixation
12:11:4.74759,603.3,210.5,fixation
12:11:4.74808,604.0,211.2,fixation
12:11:4.74858,603.7,212.4,fixation
12:11:4.74907,602.1,212.4,fixation
12:11:4.74956,602.1,212.0,fixation
12:11:4.75005,602.5,214.8,fixation
12:11:4.75055,602.7,218.1,fixation
12:11:4.75104,602.2,218.3,fixation
12:11:4.75153,601.7,218.7,fixation
12:11:4.75202,601.1,217.4,fixation
12:11:4.75252,601.5,214.8,fixation
12:11:4.75301,601.2,211.2,fixation
12:11:4.75350,600.4,210.5,fixation
12:11:4.754,600.3,210.2,fixation
12:11:4.75449,600.4,210.7,fixation
12:11:4.75498,600.5,212.6,fixation
12:11:4.75547,600.1,213.9,fixation
12:11:4.75597,599.7,215.1,fixation
12:11:4.75646,600.6,216.7,fixation
12:11:4.75695,600.9,214.2,fixation
12:11:4.75744,600.7,210.7,fixation
12:11:4.75794,599.1,209.3,fixation
12:11:4.75843,598.4,207.9,fixation
12:11:4.75892,599.7,208.8,fixation
12:11:4.75941,600.7,212.5,fixation
12:11:4.75991,601.5,214.8,fixation
12:11:4.76040,602.0,215.4,fixation
12:11:4.76089,601.1,215.1,fixation
12:11:4.76139,600.9,210.5,fixation
12:11:4.76188,599.9,207.2,fixation
12:11:4.76237,600.2,209.1,fixation
12:11:4.76286,602.9,216.1,fixation
12:11:4.76336,604.7,217.8,fixation
12:11:4.76385,604.0,217.1,fixation
12:11:4.76434,603.8,213.1,fixation
12:11:4.76483,603.4,211.5,fixation
12:11:4.76533,602.7,211.1,fixation
12:11:4.76582,602.2,212.1,fixation
12:11:4.76631,603.3,213.4,fixation
12:11:4.76680,603.8,212.2,fixation
12:11:4.7673,603.8,211.0,fixation
12:11:4.76779,603.0,210.3,fixation
12:11:4.76828,601.8,209.5,fixation
12:11:4.76878,602.1,212.7,fixation
12:11:4.76927,603.5,217.3,fixation
12:11:4.76976,604.0,216.8,fixation
12:11:4.77025,603.4,215.0,fixation
12:11:4.77075,602.8,208.5,fixation
12:11:4.77124,602.3,203.7,fixation
12:11:4.77173,602.2,209.3,fixation
12:11:4.77222,601.9,214.5,fixation
12:11:4.77272,602.7,214.3,fixation
12:11:4.77321,604.1,213.1,fixation
12:11:4.77370,603.5,211.6,fixation
12:11:4.77419,602.2,207.7,fixation
12:11:4.77469,601.6,205.1,fixation
12:11:4.77518,602.5,208.3,fixation
12:11:4.77567,602.7,211.7,fixation
12:11:4.77617,604.1,216.0,fixation
12:11:4.77666,604.0,217.2,fixation
12:11:4.77715,604.2,214.1,fixation
12:11:4.77764,604.2,212.6,fixation
12:11:4.77814,603.9,208.8,fixation
12:11:4.77863,603.7,204.7,fixation
12:11:4.77912,603.3,205.9,fixation
12:11:4.77961,603.0,208.7,fixation
12:11:4.78011,603.8,209.7,fixation
12:11:4.78060,604.0,212.9,fixation
12:11:4.78109,603.6,216.8,fixation
12:11:4.78159,603.3,216.8,fixation
12:11:4.78208,602.7,216.9,fixation
12:11:4.78257,602.8,217.4,fixation
12:11:4.78306,602.9,215.1,fixation
12:11:4.78356,602.1,210.1,fixation
12:11:4.78405,602.4,207.8,fixation
12:11:4.78454,603.1,207.3,fixation
12:11:4.78503,602.4,206.0,fixation
12:11:4.78553,602.0,204.8,fixation
12:11:4.78602,602.0,205.1,fixation
12:11:4.78651,602.1,205.6,fixation
12:11:4.78700,602.4,206.5,fixation
12:11:4.7875,601.8,207.4,fixation
12:11:4.78799,601.2,208.0,fixation
12:11:4.78848,600.9,208.7,fixation
12:11:4.78898,600.4,209.3,fixation
12:11:4.78947,600.7,209.2,fixation
12:11:4.78996,601.0,209.1,fixation
12:11:4.79045,600.8,209.0,fixation
12:11:4.79095,599.6,209.9,fixation
12:11:4.79144,598.9,210.4,fixation
12:11:4.79193,599.3,213.1,fixation
12:11:4.79242,600.3,213.8,fixation
12:11:4.79292,600.7,213.4,fixation
12:11:4.79341,599.9,211.8,fixation
12:11:4.79390,599.3,207.9,fixation
12:11:4.79439,599.0,207.3,fixation
12:11:4.79489,598.4,208.5,fixation
12:11:4.79538,598.5,207.2,fixation
12:11:4.79587,597.2,205.3,fixation
12:11:4.79637,596.5,204.0,fixation
12:11:4.79686,596.7,203.6,fixation
12:11:4.79735,597.0,203.1,fixation
12:11:4.79784,597.4,203.2,fixation
12:11:4.79834,598.1,203.4,fixation
12:11:4.79883,598.4,203.5,fixation
12:11:4.79932,597.9,203.5,fixation
12:11:4.79981,597.8,202.9,fixation
12:11:4.80031,598.3,202.2,fixation
12:11:4.80080,598.8,203.2,fixation
12:11:4.80129,598.4,203.4,fixation
12:11:4.80179,598.8,204.4,fixation
12:11:4.80228,599.9,205.7,fixation
12:11:4.80277,600.0,206.2,fixation
12:11:4.80326,600.0,207.0,fixation
12:11:4.80376,600.6,210.1,fixation
12:11:4.80425,599.6,211.7,fixation
12:11:4.80474,600.0,210.9,fixation
12:11:4.80523,601.5,210.0,fixation
12:11:4.80573,601.2,210.3,fixation
12:11:4.80622,600.8,211.5,fixation
12:11:4.80671,600.5,213.4,fixation
12:11:4.80720,599.7,214.7,fixation
12:11:4.8077,599.8,211.4,fixation
12:11:4.80819,599.5,208.8,fixation
12:11:4.80868,598.4,206.5,fixation
12:11:4.80918,598.1,207.3,fixation
12:11:4.80967,598.4,205.0,fixation
12:11:4.81016,598.5,203.8,fixation
12:11:4.81065,598.5,204.9,fixation
12:11:4.81115,598.7,204.7,fixation
12:11:4.81164,598.5,203.5,fixation
12:11:4.81213,598.7,202.6,fixation
12:11:4.81262,599.1,202.7,fixation
12:11:4.81312,599.8,202.5,fixation
12:11:4.81361,600.2,204.4,fixation
12:11:4.81410,600.1,204.0,fixation
12:11:4.81459,600.4,203.4,fixation
12:11:4.81509,600.6,204.5,fixation
12:11:4.81558,600.7,205.9,fixation
12:11:4.81607,600.5,205.1,fixation
12:11:4.81657,600.1,205.5,fixation
12:11:4.81706,599.8,206.9,fixation
12:11:4.81755,600.0,206.8,fixation
12:11:4.81804,600.8,208.0,fixation
12:11:4.81854,601.0,208.8,fixation
12:11:4.81903,601.1,209.0,fixation
12:11:4.81952,601.0,209.7,fixation
12:11:4.82001,600.7,210.2,fixation
12:11:4.82051,600.6,210.8,fixation
12:11:4.82100,600.7,212.6,fixation
12:11:4.82149,600.5,212.9,fixation
12:11:4.82198,600.0,209.9,fixation
12:11:4.82248,600.1,212.5,fixation
12:11:4.82297,600.4,214.8,fixation
12:11:4.82346,600.4,215.9,fixation
12:11:4.82396,600.5,216.6,fixation
12:11:4.82445,600.7,216.9,fixation
12:11:4.82494,601.0,216.1,fixation
12:11:4.82543,601.0,214.8,fixation
12:11:4.82593,601.3,216.5,fixation
12:11:4.82642,601.4,217.5,fixation
12:11:4.82691,600.8,216.8,fixation
12:11:4.82740,600.5,213.6,fixation
12:11:4.8279,600.3,212.7,fixation
12:11:4.82839,599.7,212.4,fixation
12:11:4.82888,599.6,213.0,fixation
12:11:4.82938,599.4,215.1,fixation
12:11:4.82987,599.3,215.8,fixation
12:11:4.83036,599.5,214.1,fixation
12:11:4.83085,600.0,212.4,fixation
12:11:4.83135,601.4,211.9,fixation
12:11:4.83184,602.3,212.1,fixation
12:11:4.83233,602.3,211.7,fixation
12:11:4.83282,601.6,212.3,fixation
12:11:4.83332,600.6,212.1,fixation
12:11:4.83381,599.8,210.8,fixation
12:11:4.83430,599.1,211.9,fixation
12:11:4.83479,598.9,213.4,fixation
12:11:4.83529,600.3,213.4,fixation
12:11:4.83578,601.1,212.7,fixation
12:11:4.83627,601.4,212.8,fixation
12:11:4.83677,600.9,210.3,fixation
12:11:4.83726,600.3,207.8,fixation
12:11:4.83775,599.3,208.8,fixation
12:11:4.83824,598.2,210.2,fixation
12:11:4.83874,599.2,211.2,fixation
12:11:4.83923,599.2,213.4,fixation
12:11:4.83972,598.8,214.3,fixation
12:11:4.84021,599.2,214.4,fixation
12:11:4.84071,599.6,214.7,fixation
12:11:4.84120,599.9,213.7,fixation
12:11:4.84169,599.9,215.1,fixation
12:11:4.84218,600.4,216.3,fixation
12:11:4.84268,600.6,216.1,fixation
12:11:4.84317,600.6,216.1,fixation
12:11:4.84366,600.2,218.6,fixation
12:11:4.84416,600.0,220.7,fixation
12:11:4.84465,600.1,219.6,fixation
12:11:4.84514,600.3,217.6,fixation
12:11:4.84563,600.5,216.8,fixation
12:11:4.84613,599.9,216.2,fixation
12:11:4.84662,599.0,215.7,fixation
12:11:4.84711,599.0,215.8,fixation
12:11:4.84760,598.3,214.8,fixation
12:11:4.8481,597.8,212.8,fixation
12:11:4.84859,598.6,213.6,fixation
12:11:4.84908,600.4,215.6,fixation
12:11:4.84958,601.0,214.5,fixation
12:11:4.85007,600.9,213.4,fixation
12:11:4.85056,600.4,213.1,fixation
12:11:4.85105,599.0,209.1,fixation
12:11:4.85155,598.8,209.7,fixation
12:11:4.85204,598.7,214.7,fixation
12:11:4.85253,598.9,217.0,fixation
12:11:4.85302,599.9,218.2,fixation
12:11:4.85352,600.8,220.0,fixation
12:11:4.85401,601.1,219.4,fixation
12:11:4.85450,601.0,218.1,fixation
12:11:4.85499,600.9,218.6,fixation
12:11:4.85549,600.6,216.7,fixation
12:11:4.85598,599.5,211.5,fixation
12:11:4.85647,597.7,211.4,fixation
12:11:4.85697,596.1,213.1,fixation
12:11:4.85746,596.0,215.4,fixation
12:11:4.85795,595.7,216.4,fixation
12:11:4.85844,595.8,216.1,fixation
12:11:4.85894,596.8,214.8,fixation
12:11:4.85943,598.2,214.6,fixation
12:11:4.85992,599.7,215.9,fixation
12:11:4.86041,600.1,218.1,fixation
12:11:4.86091,600.2,218.8,fixation
12:11:4.86140,600.0,218.7,fixation
12:11:4.86189,599.7,219.3,fixation
12:11:4.86238,599.5,220.5,fixation
12:11:4.86288,599.9,219.1,fixation
12:11:4.86337,599.8,219.9,fixation
12:11:4.86386,600.2,221.2,fixation
12:11:4.86436,600.7,221.2,fixation
12:11:4.86485,600.6,221.0,fixation
12:11:4.86534,600.6,221.1,fixation
12:11:4.86583,600.2,220.4,fixation
12:11:4.86633,599.0,220.2,fixation
12:11:4.86682,598.6,218.3,fixation
12:11:4.86731,598.7,216.1,fixation
12:11:4.86780,599.0,214.0,fixation
12:11:4.8683,599.6,215.5,fixation
12:11:4.86879,600.3,214.6,fixation
12:11:4.86928,600.3,214.1,fixation
12:11:4.86977,601.1,217.4,fixation
12:11:4.87027,601.6,218.9,fixation
12:11:4.87076,601.8,220.7,fixation
12:11:4.87125,603.1,224.0,fixation
12:11:4.87175,603.7,224.5,fixation
12:11:4.87224,604.1,225.3,fixation
12:11:4.87273,605.1,224.9,fixation
12:11:4.87322,604.5,222.2,fixation
12:11:4.87372,604.1,221.3,saccade
12:11:4.87421,603.4,225.9,saccade
12:11:4.87470,603.9,225.9,saccade
12:11:4.87519,607.7,222.7,saccade
12:11:4.87569,615.9,220.7,saccade
12:11:4.87618,634.5,220.0,saccade
12:11:4.87667,657.6,224.8,saccade
12:11:4.87717,684.1,232.6,saccade
12:11:4.87766,703.2,236.9,saccade
12:11:4.87815,712.4,236.6,saccade
12:11:4.87864,711.4,229.7,saccade
12:11:4.87914,700.9,225.8,saccade
12:11:4.87963,687.1,225.0,saccade
12:11:4.88012,673.2,224.3,saccade
12:11:4.88061,663.5,223.9,saccade
12:11:4.88111,661.3,224.1,saccade
12:11:4.88160,662.5,224.6,saccade
12:11:4.88209,664.5,226.8,fixation
12:11:4.88258,665.6,227.5,fixation
12:11:4.88308,665.9,227.8,fixation
12:11:4.88357,666.6,227.5,fixation
12:11:4.88406,667.0,227.1,fixation
12:11:4.88456,667.1,227.8,fixation
12:11:4.88505,667.8,228.7,fixation
12:11:4.88554,668.6,228.5,fixation
12:11:4.88603,669.6,228.8,fixation
12:11:4.88653,669.8,228.3,fixation
12:11:4.88702,669.8,226.3,fixation
12:11:4.88751,668.8,225.7,fixation
12:11:4.88800,668.5,226.4,fixation
12:11:4.8885,669.1,226.7,fixation
12:11:4.88899,668.5,226.4,fixation
12:11:4.88948,667.6,225.8,fixation
12:11:4.88997,667.1,226.4,fixation
12:11:4.89047,667.8,227.2,fixation
12:11:4.89096,668.2,227.1,fixation
12:11:4.89145,668.3,227.0,fixation
12:11:4.89195,668.4,227.3,fixation
12:11:4.89244,668.6,227.4,fixation
12:11:4.89293,669.0,227.5,fixation
12:11:4.89342,669.5,227.7,fixation
12:11:4.89392,670.6,227.6,fixation
12:11:4.89441,671.6,228.0,fixation
12:11:4.89490,672.0,227.9,fixation
12:11:4.89539,671.7,227.5,fixation
12:11:4.89589,671.0,229.4,fixation
12:11:4.89638,670.2,232.6,fixation
12:11:4.89687,670.0,233.4,fixation
12:11:4.89737,670.7,233.4,fixation
12:11:4.89786,671.8,233.2,fixation
12:11:4.89835,672.7,233.2,fixation
12:11:4.89884,673.2,234.1,fixation
12:11:4.89934,673.3,233.4,fixation
12:11:4.89983,673.6,232.3,fixation
12:11:4.90032,673.5,230.8,fixation
12:11:4.90081,672.9,228.4,fixation
12:11:4.90131,672.5,227.1,fixation
12:11:4.90180,672.0,225.9,fixation
12:11:4.90229,670.1,227.1,fixation
12:11:4.90278,669.3,227.8,fixation
12:11:4.90328,669.2,228.2,fixation
12:11:4.90377,669.7,228.3,fixation
12:11:4.90426,670.8,228.1,fixation
12:11:4.90476,671.1,227.8,fixation
12:11:4.90525,671.4,228.0,fixation
12:11:4.90574,672.2,230.0,fixation
12:11:4.90623,672.5,229.8,fixation
12:11:4.90673,672.5,229.6,fixation
12:11:4.90722,672.5,230.5,fixation
12:11:4.90771,673.0,231.6,fixation
12:11:4.90820,673.1,230.8,fixation
12:11:4.9087,672.7,229.4,fixation
12:11:4.90919,672.2,229.0,fixation
12:11:4.90968,671.4,229.2,fixation
12:11:4.91017,671.2,230.3,fixation
12:11:4.91067,671.0,230.8,fixation
12:11:4.91116,671.2,228.5,fixation
12:11:4.91165,671.3,227.6,fixation
12:11:4.91215,670.4,230.1,fixation
12:11:4.91264,669.4,229.8,fixation
12:11:4.91313,669.2,228.6,fixation
12:11:4.91362,670.1,228.5,fixation
12:11:4.91412,670.1,228.4,fixation
12:11:4.91461,670.9,228.5,fixation
12:11:4.91510,671.7,229.6,fixation
12:11:4.91559,671.8,229.6,fixation
12:11:4.91609,672.1,230.0,fixation
12:11:4.91658,672.9,232.1,fixation
12:11:4.91707,673.6,233.7,fixation
12:11:4.91756,673.9,233.2,fixation
12:11:4.91806,673.7,232.4,fixation
12:11:4.91855,674.2,232.5,fixation
12:11:4.91904,674.4,234.1,fixation
12:11:4.91954,674.3,232.5,fixation
12:11:4.92003,673.9,229.3,fixation
12:11:4.92052,673.2,227.5,fixation
12:11:4.92101,672.2,227.4,fixation
12:11:4.92151,672.1,229.1,fixation
12:11:4.92200,672.1,231.0,fixation
12:11:4.92249,672.2,230.9,fixation
12:11:4.92298,672.2,230.4,fixation
12:11:4.92348,671.9,228.9,fixation
12:11:4.92397,671.6,227.0,fixation
12:11:4.92446,672.5,226.0,fixation
12:11:4.92496,673.6,226.2,fixation
12:11:4.92545,673.5,229.0,fixation
12:11:4.92594,673.4,231.4,fixation
12:11:4.92643,672.7,229.7,fixation
12:11:4.92693,671.1,226.0,fixation
12:11:4.92742,670.9,225.0,fixation
12:11:4.92791,670.3,225.1,fixation
12:11:4.92840,670.6,225.7,fixation
12:11:4.9289,672.1,226.2,fixation
12:11:4.92939,672.3,225.6,fixation
12:11:4.92988,672.1,226.2,fixation
12:11:4.93037,671.7,226.7,fixation
12:11:4.93087,671.5,226.0,fixation
12:11:4.93136,671.7,225.7,fixation
12:11:4.93185,672.3,225.5,fixation
12:11:4.93235,672.2,225.5,fixation
12:11:4.93284,671.7,225.1,fixation
12:11:4.93333,671.1,223.4,fixation
12:11:4.93382,670.4,222.7,fixation
12:11:4.93432,670.2,222.8,fixation
12:11:4.93481,669.9,222.2,fixation
12:11:4.93530,670.0,221.3,fixation
12:11:4.93579,670.1,221.8,fixation
12:11:4.93629,670.8,223.7,fixation
12:11:4.93678,671.5,225.0,fixation
12:11:4.93727,671.8,225.3,fixation
12:11:4.93776,672.1,225.9,fixation
12:11:4.93826,672.4,225.8,fixation
12:11:4.93875,672.8,225.2,fixation
12:11:4.93924,673.0,225.5,fixation
12:11:4.93974,673.0,226.0,fixation
12:11:4.94023,672.7,227.6,fixation
12:11:4.94072,672.9,228.8,fixation
12:11:4.94121,673.0,230.5,fixation
12:11:4.94171,672.6,229.8,fixation
12:11:4.94220,672.5,228.5,fixation
12:11:4.94269,672.5,229.2,fixation
12:11:4.94318,673.2,228.9,fixation
12:11:4.94368,673.4,228.2,fixation
12:11:4.94417,673.3,228.4,fixation
12:11:4.94466,672.4,228.3,fixation
12:11:4.94516,671.7,228.9,fixation
12:11:4.94565,671.8,228.7,fixation
12:11:4.94614,671.7,228.2,fixation
12:11:4.94663,671.8,228.7,fixation
12:11:4.94713,672.2,230.6,fixation
12:11:4.94762,672.5,228.7,fixation
12:11:4.94811,672.4,228.3,fixation
12:11:4.94860,672.2,228.7,fixation
12:11:4.9491,672.1,228.6,fixation
12:11:4.94959,672.1,228.6,fixation
12:11:4.95008,671.9,228.2,fixation
12:11:4.95057,671.4,227.1,fixation
12:11:4.95107,672.0,225.3,fixation
12:11:4.95156,672.9,222.4,fixation
12:11:4.95205,672.8,222.3,fixation
12:11:4.95255,672.6,226.0,fixation
12:11:4.95304,672.8,227.2,fixation
12:11:4.95353,673.1,227.6,fixation
12:11:4.95402,672.6,228.2,fixation
12:11:4.95452,671.4,228.5,fixation
12:11:4.95501,671.2,228.5,fixation
12:11:4.95550,671.4,227.9,fixation
12:11:4.95599,671.8,227.2,fixation
12:11:4.95649,671.9,226.9,fixation
12:11:4.95698,671.1,226.7,fixation
12:11:4.95747,669.8,226.7,fixation
12:11:4.95796,669.8,225.7,fixation
12:11:4.95846,670.1,224.8,fixation
12:11:4.95895,670.7,224.4,fixation
12:11:4.95944,671.1,222.6,fixation
12:11:4.95994,670.9,222.4,fixation
12:11:4.96043,671.2,223.9,fixation
12:11:4.96092,671.8,223.8,fixation
12:11:4.96141,671.2,223.1,fixation
12:11:4.96191,671.4,222.7,fixation
12:11:4.96240,671.6,221.1,fixation
12:11:4.96289,671.6,220.7,fixation
12:11:4.96338,671.7,222.1,fixation
12:11:4.96388,672.2,224.3,fixation
12:11:4.96437,672.4,224.4,fixation
12:11:4.96486,672.4,222.4,fixation
12:11:4.96535,672.4,221.5,fixation
12:11:4.96585,672.3,221.3,fixation
12:11:4.96634,672.9,221.9,fixation
12:11:4.96683,674.1,223.6,fixation
12:11:4.96733,674.2,225.6,fixation
12:11:4.96782,673.7,225.9,fixation
12:11:4.96831,673.4,226.4,fixation
12:11:4.96880,673.9,226.7,fixation
12:11:4.9693,674.1,227.1,fixation
12:11:4.96979,674.4,228.0,fixation
12:11:4.97028,674.4,228.8,fixation
12:11:4.97077,673.9,228.3,fixation
12:11:4.97127,673.4,226.8,fixation
12:11:4.97176,673.2,226.6,fixation
12:11:4.97225,673.2,227.4,fixation
12:11:4.97275,674.3,228.0,fixation
12:11:4.97324,675.5,228.1,fixation
12:11:4.97373,674.9,227.9,fixation
12:11:4.97422,673.1,226.1,fixation
12:11:4.97472,672.0,223.3,fixation
12:11:4.97521,671.5,224.2,fixation
12:11:4.97570,670.2,224.5,fixation
12:11:4.97619,670.2,225.1,fixation
12:11:4.97669,671.5,226.2,fixation
12:11:4.97718,672.0,225.3,fixation
12:11:4.97767,671.9,223.2,fixation
12:11:4.97816,671.8,222.6,fixation
12:11:4.97866,671.5,222.2,fixation
12:11:4.97915,671.7,222.3,fixation
12:11:4.97964,671.7,223.4,fixation
12:11:4.98014,671.9,226.9,fixation
12:11:4.98063,672.4,228.6,fixation
12:11:4.98112,671.9,227.6,fixation
12:11:4.98161,671.5,225.7,fixation
12:11:4.98211,671.4,224.4,saccade
12:11:4.98260,670.8,223.4,saccade
12:11:4.98309,670.8,223.8,saccade
12:11:4.98358,674.0,224.2,saccade
12:11:4.98408,683.0,228.4,saccade
12:11:4.98457,695.8,231.6,saccade
12:11:4.98506,712.7,234.9,saccade
12:11:4.98555,736.2,240.1,saccade
12:11:4.98605,761.2,245.5,saccade
12:11:4.98654,777.2,247.5,saccade
12:11:4.98703,785.4,245.7,saccade
12:11:4.98753,784.9,243.0,saccade
12:11:4.98802,774.9,240.3,saccade
12:11:4.98851,762.0,239.2,saccade
12:11:4.98900,751.0,237.8,saccade
12:11:4.9895,745.7,237.7,saccade
12:11:4.98999,745.4,242.2,saccade
12:11:4.99048,746.9,246.8,fixation
12:11:4.99097,748.2,247.9,fixation
12:11:4.99147,748.8,248.1,fixation
12:11:4.99196,747.1,246.6,fixation
12:11:4.99245,744.7,245.6,fixation
12:11:4.99294,743.8,246.0,fixation
12:11:4.99344,745.2,248.3,fixation
12:11:4.99393,748.0,246.6,fixation
12:11:4.99442,749.5,242.4,fixation
12:11:4.99492,750.6,239.5,fixation
12:11:4.99541,750.5,237.1,fixation
12:11:4.99590,749.7,235.6,fixation
12:11:4.99639,749.4,237.2,fixation
12:11:4.99689,749.5,237.8,fixation
12:11:4.99738,750.2,236.8,fixation
12:11:4.99787,750.9,237.4,fixation
12:11:4.99836,750.7,236.4,fixation
12:11:4.99886,749.6,235.6,fixation
12:11:4.99935,749.1,235.6,fixation
12:11:4.99984,748.7,239.4,fixation
12:11:5.00034,748.5,242.1,fixation
12:11:5.00083,749.0,240.2,fixation
12:11:5.00132,750.2,238.7,fixation
12:11:5.00181,750.3,239.6,fixation
12:11:5.00231,750.7,240.7,fixation
12:11:5.00280,751.3,240.3,fixation
12:11:5.00329,751.4,239.1,fixation
12:11:5.00378,751.2,238.8,fixation
12:11:5.00428,751.1,238.4,fixation
12:11:5.00477,750.9,238.2,fixation
12:11:5.00526,750.4,238.1,fixation
12:11:5.00575,750.5,238.0,fixation
12:11:5.00625,750.5,238.0,fixation
12:11:5.00674,749.8,237.2,fixation
12:11:5.00723,749.6,239.0,fixation
12:11:5.00773,749.3,242.6,fixation
12:11:5.00822,749.2,243.8,fixation
12:11:5.00871,749.4,244.0,fixation
12:11:5.00920,750.4,244.3,fixation
12:11:5.0097,750.8,248.3,fixation
12:11:5.01019,750.8,251.3,fixation
12:11:5.01068,750.5,252.2,fixation
12:11:5.01117,749.6,251.9,fixation
12:11:5.01167,749.1,254.4,fixation
12:11:5.01216,749.3,255.3,fixation
12:11:5.01265,748.6,257.7,fixation
12:11:5.01314,746.5,259.9,fixation
12:11:5.01364,742.4,260.4,fixation
12:11:5.01413,739.7,261.0,fixation
12:11:5.01462,737.7,262.0,saccade
12:11:5.01512,736.3,264.9,saccade
12:11:5.01561,734.5,269.8,saccade
12:11:5.01610,732.0,280.2,saccade
12:11:5.01659,730.1,292.8,saccade
12:11:5.01709,726.9,310.0,saccade
12:11:5.01758,725.2,329.9,saccade
12:11:5.01807,721.9,328.5,saccade
12:11:5.01856,723.9,331.3,saccade
12:11:5.01906,736.7,366.6,saccade
12:11:5.01955,752.9,405.0,saccade
12:11:5.02004,771.0,444.3,saccade
12:11:5.02054,787.3,481.1,saccade
12:11:5.02103,800.3,506.1,saccade
12:11:5.02152,806.7,532.5,saccade
12:11:5.02201,804.5,559.0,saccade
12:11:5.02251,797.1,569.8,saccade
12:11:5.02300,792.6,571.7,saccade
12:11:5.02349,792.7,569.0,saccade
12:11:5.02398,797.1,559.8,saccade
12:11:5.02448,800.6,548.7,saccade
12:11:5.02497,800.5,536.0,saccade
12:11:5.02546,792.6,519.4,saccade
12:11:5.02595,779.8,504.4,saccade
12:11:5.02645,767.5,483.1,saccade
12:11:5.02694,759.7,458.5,saccade
12:11:5.02743,758.9,427.9,saccade
12:11:5.02793,759.5,403.0,saccade
12:11:5.02842,760.1,380.3,saccade
12:11:5.02891,761.8,350.1,saccade
12:11:5.02940,764.4,321.3,saccade
12:11:5.0299,767.3,298.5,saccade
12:11:5.03039,768.6,278.2,saccade
12:11:5.03088,768.4,266.0,saccade
12:11:5.03137,768.9,259.5,saccade
12:11:5.03187,769.5,258.0,saccade
12:11:5.03236,769.9,260.7,fixation
12:11:5.03285,770.1,269.1,fixation
12:11:5.03334,769.5,275.3,fixation
12:11:5.03384,768.8,275.2,fixation
12:11:5.03433,768.0,274.5,fixation
12:11:5.03482,767.0,271.4,fixation
12:11:5.03532,765.5,268.8,fixation
12:11:5.03581,763.7,265.1,fixation
12:11:5.03630,762.2,260.7,fixation
12:11:5.03679,761.6,257.1,fixation
12:11:5.03729,761.4,253.7,fixation
12:11:5.03778,762.0,252.3,fixation
12:11:5.03827,763.3,251.3,fixation
12:11:5.03876,764.7,250.6,fixation
12:11:5.03926,763.9,251.5,fixation
12:11:5.03975,763.7,254.3,fixation
12:11:5.04024,764.1,254.1,fixation
12:11:5.04073,764.3,255.4,fixation
12:11:5.04123,764.9,255.5,fixation
12:11:5.04172,764.6,252.7,fixation
12:11:5.04221,764.5,250.0,fixation
12:11:5.04271,764.4,249.1,fixation
12:11:5.04320,764.0,248.6,fixation
12:11:5.04369,763.7,251.0,fixation
12:11:5.04418,763.5,253.1,fixation
12:11:5.04468,763.6,254.4,fixation
12:11:5.04517,763.8,255.0,fixation
12:11:5.04566,763.8,254.2,fixation
12:11:5.04615,763.9,253.1,fixation
12:11:5.04665,763.9,253.4,fixation
12:11:5.04714,763.8,253.8,fixation
12:11:5.04763,763.7,252.6,fixation
12:11:5.04813,763.6,250.7,fixation
12:11:5.04862,763.8,250.2,fixation
12:11:5.04911,764.5,250.9,fixation
12:11:5.04960,764.4,249.9,fixation
12:11:5.0501,763.8,248.3,fixation
12:11:5.05059,764.1,245.6,fixation
12:11:5.05108,764.2,244.2,fixation
12:11:5.05157,764.2,246.7,fixation
12:11:5.05207,764.4,248.1,fixation
12:11:5.05256,764.8,247.7,fixation
12:11:5.05305,765.8,248.1,fixation
12:11:5.05354,766.3,250.1,fixation
12:11:5.05404,766.0,253.5,fixation
12:11:5.05453,766.3,255.9,fixation
12:11:5.05502,766.1,256.6,fixation
12:11:5.05552,765.8,256.8,fixation
12:11:5.05601,765.3,256.1,fixation
12:11:5.05650,765.1,252.1,fixation
12:11:5.05699,765.2,246.1,fixation
12:11:5.05749,765.3,244.1,fixation
12:11:5.05798,765.5,244.6,fixation
12:11:5.05847,766.5,246.7,fixation
12:11:5.05896,766.4,249.1,fixation
12:11:5.05946,765.9,250.9,fixation
12:11:5.05995,765.7,253.4,fixation
12:11:5.06044,765.9,254.8,fixation
12:11:5.06093,765.7,257.2,fixation
12:11:5.06143,765.5,255.9,fixation
12:11:5.06192,765.4,255.3,fixation
12:11:5.06241,764.6,255.2,fixation
12:11:5.06291,763.8,254.9,fixation
12:11:5.06340,763.6,253.1,fixation
12:11:5.06389,763.2,249.6,fixation
12:11:5.06438,763.7,248.5,fixation
12:11:5.06488,764.7,247.7,fixation
12:11:5.06537,764.5,247.7,fixation
12:11:5.06586,764.2,246.6,fixation
12:11:5.06635,765.0,246.3,fixation
12:11:5.06685,764.9,250.1,fixation
12:11:5.06734,763.8,255.6,fixation
12:11:5.06783,764.4,256.2,fixation
12:11:5.06833,765.0,255.1,fixation
12:11:5.06882,763.6,254.5,fixation
12:11:5.06931,763.3,253.8,fixation
12:11:5.06980,764.3,253.2,fixation
12:11:5.0703,764.7,252.6,fixation
12:11:5.07079,763.7,251.6,fixation
12:11:5.07128,762.7,250.7,fixation
12:11:5.07177,762.2,249.5,fixation
12:11:5.07227,762.7,247.9,fixation
12:11:5.07276,764.4,244.5,fixation
12:11:5.07325,765.3,244.4,fixation
12:11:5.07374,766.2,243.7,fixation
12:11:5.07424,765.8,244.2,fixation
12:11:5.07473,765.8,249.2,fixation
12:11:5.07522,766.4,252.9,fixation
12:11:5.07572,765.7,254.7,fixation
12:11:5.07621,765.0,255.2,fixation
12:11:5.07670,764.4,255.4,fixation
12:11:5.07719,763.9,254.7,fixation
12:11:5.07769,763.8,254.0,fixation
12:11:5.07818,763.6,253.4,fixation
12:11:5.07867,763.7,250.9,fixation
12:11:5.07916,763.8,248.7,fixation
12:11:5.07966,763.4,248.3,fixation
12:11:5.08015,762.0,247.0,fixation
12:11:5.08064,760.7,246.0,fixation
12:11:5.08113,761.0,246.3,fixation
12:11:5.08163,762.7,248.1,fixation
12:11:5.08212,763.9,248.5,fixation
12:11:5.08261,763.9,248.9,fixation
12:11:5.08311,763.7,250.5,fixation
12:11:5.08360,762.8,251.3,fixation
12:11:5.08409,763.2,250.9,fixation
12:11:5.08458,764.0,248.5,fixation
12:11:5.08508,763.0,248.1,fixation
12:11:5.08557,763.2,246.5,fixation
12:11:5.08606,762.5,244.3,fixation
12:11:5.08655,762.0,244.3,fixation
12:11:5.08705,763.7,245.4,fixation
12:11:5.08754,763.9,249.3,fixation
12:11:5.08803,763.9,252.2,fixation
12:11:5.08852,764.7,253.3,fixation
12:11:5.08902,765.3,253.6,fixation
12:11:5.08951,765.2,254.8,fixation
12:11:5.09000,765.0,254.8,fixation
12:11:5.0905,764.7,254.2,fixation
12:11:5.09099,764.9,253.4,fixation
12:11:5.09148,764.8,253.1,fixation
12:11:5.09197,765.2,252.8,fixation
12:11:5.09247,765.9,252.3,fixation
12:11:5.09296,766.4,251.6,fixation
12:11:5.09345,766.7,251.9,fixation
12:11:5.09394,766.5,253.6,fixation
12:11:5.09444,766.7,254.0,fixation
12:11:5.09493,767.0,253.5,fixation
12:11:5.09542,766.7,254.1,fixation
12:11:5.09592,766.2,254.8,fixation
12:11:5.09641,766.1,255.2,fixation
12:11:5.09690,766.6,255.1,fixation
12:11:5.09739,766.7,253.5,fixation
12:11:5.09789,766.4,253.1,fixation
12:11:5.09838,766.4,254.2,fixation
12:11:5.09887,766.9,253.5,fixation
12:11:5.09936,768.1,252.3,fixation
12:11:5.09986,768.0,254.6,fixation
12:11:5.10035,767.8,254.3,fixation
12:11:5.10084,768.3,247.7,fixation
12:11:5.10133,768.1,244.9,fixation
12:11:5.10183,768.2,246.0,fixation
12:11:5.10232,767.4,246.8,fixation
12:11:5.10281,767.2,244.7,fixation
12:11:5.10331,766.7,243.1,fixation
12:11:5.10380,766.0,245.0,fixation
12:11:5.10429,766.3,247.9,fixation
12:11:5.10478,766.7,250.3,fixation
12:11:5.10528,766.1,253.0,fixation
12:11:5.10577,764.4,254.1,fixation
12:11:5.10626,764.4,253.3,fixation
12:11:5.10675,764.8,252.5,fixation
12:11:5.10725,765.2,251.4,fixation
12:11:5.10774,766.0,250.0,fixation
12:11:5.10823,766.3,250.9,fixation
12:11:5.10872,766.3,251.4,fixation
12:11:5.10922,765.6,249.4,fixation
12:11:5.10971,764.8,247.4,fixation
12:11:5.11020,763.8,246.4,fixation
12:11:5.1107,763.2,245.3,fixation
12:11:5.11119,762.9,244.4,fixation
12:11:5.11168,762.9,244.5,fixation
12:11:5.11217,762.9,244.8,fixation
12:11:5.11267,763.3,245.1,fixation
12:11:5.11316,763.2,244.2,fixation
12:11:5.11365,762.5,243.2,fixation
12:11:5.11414,762.7,243.5,fixation
12:11:5.11464,763.3,242.9,fixation
12:11:5.11513,763.7,242.4,fixation
12:11:5.11562,763.9,242.1,fixation
12:11:5.11612,763.7,241.9,fixation
12:11:5.11661,763.7,243.4,fixation
12:11:5.11710,763.8,244.1,saccade
12:11:5.11759,763.7,243.9,saccade
12:11:5.11809,761.2,243.7,saccade
12:11:5.11858,754.2,244.4,saccade
12:11:5.11907,741.9,244.4,saccade
12:11:5.11956,724.6,240.0,saccade
12:11:5.12006,703.8,233.6,saccade
12:11:5.12055,685.0,229.4,saccade
12:11:5.12104,674.2,227.9,saccade
12:11:5.12153,674.4,229.6,saccade
12:11:5.12203,682.2,231.6,saccade
12:11:5.12252,694.4,228.7,saccade
12:11:5.12301,705.9,227.5,saccade
12:11:5.12351,713.3,226.5,saccade
12:11:5.12400,715.3,225.9,saccade
12:11:5.12449,713.9,225.8,fixation
12:11:5.12498,711.4,225.5,fixation
12:11:5.12548,710.6,227.4,fixation
12:11:5.12597,710.3,229.2,fixation
12:11:5.12646,711.1,231.7,fixation
12:11:5.12695,712.2,233.8,fixation
12:11:5.12745,712.2,234.6,fixation
12:11:5.12794,712.0,234.3,fixation
12:11:5.12843,710.4,231.9,fixation
12:11:5.12892,709.6,230.5,fixation
12:11:5.12942,709.6,230.3,fixation
12:11:5.12991,709.6,231.8,fixation
12:11:5.13040,709.8,231.7,fixation
12:11:5.1309,709.6,230.6,fixation
12:11:5.13139,709.4,230.7,fixation
12:11:5.13188,709.5,230.6,fixation
12:11:5.13237,709.5,230.2,fixation
12:11:5.13287,709.3,228.6,fixation
12:11:5.13336,709.3,226.2,fixation
12:11:5.13385,709.3,228.1,fixation
12:11:5.13434,708.9,229.8,fixation
12:11:5.13484,708.0,231.4,fixation
12:11:5.13533,707.4,231.9,fixation
12:11:5.13582,707.2,229.7,fixation
12:11:5.13631,706.7,230.0,fixation
12:11:5.13681,706.5,230.5,fixation
12:11:5.13730,706.6,228.9,fixation
12:11:5.13779,706.7,229.0,fixation
12:11:5.13829,706.5,228.7,fixation
12:11:5.13878,705.8,226.7,fixation
12:11:5.13927,705.2,226.6,fixation
12:11:5.13976,704.7,225.9,fixation
12:11:5.14026,704.3,227.6,fixation
12:11:5.14075,704.9,229.2,fixation
12:11:5.14124,704.8,228.8,fixation
12:11:5.14173,704.4,230.3,fixation
12:11:5.14223,705.1,233.1,fixation
12:11:5.14272,704.7,232.3,fixation
12:11:5.14321,704.8,230.7,fixation
12:11:5.14371,705.2,230.2,fixation
12:11:5.14420,705.4,230.0,fixation
12:11:5.14469,705.6,229.6,fixation
12:11:5.14518,705.8,228.7,fixation
12:11:5.14568,705.2,227.6,fixation
12:11:5.14617,705.0,226.3,fixation
12:11:5.14666,705.4,225.3,fixation
12:11:5.14715,706.1,225.4,fixation
12:11:5.14765,707.0,225.9,fixation
12:11:5.14814,706.6,226.9,fixation
12:11:5.14863,706.0,226.8,fixation
12:11:5.14912,705.6,225.3,fixation
12:11:5.14962,705.8,224.1,fixation
12:11:5.15011,706.3,224.7,fixation
12:11:5.15060,706.4,224.7,fixation
12:11:5.1511,707.0,223.4,fixation
12:11:5.15159,706.2,222.5,fixation
12:11:5.15208,704.8,222.1,fixation
12:11:5.15257,704.7,222.4,fixation
12:11:5.15307,705.3,222.0,fixation
12:11:5.15356,704.9,222.4,fixation
12:11:5.15405,705.6,223.5,fixation
12:11:5.15454,705.2,222.4,fixation
12:11:5.15504,704.7,219.0,fixation
12:11:5.15553,704.8,216.7,fixation
12:11:5.15602,704.8,214.8,fixation
12:11:5.15651,704.8,214.6,fixation
12:11:5.15701,704.8,214.6,fixation
12:11:5.15750,704.4,213.9,fixation
12:11:5.15799,704.3,213.4,fixation
12:11:5.15849,704.2,210.6,fixation
12:11:5.15898,703.6,209.5,fixation
12:11:5.15947,703.1,209.8,fixation
12:11:5.15996,702.9,208.3,fixation
12:11:5.16046,703.8,210.0,fixation
12:11:5.16095,704.6,211.1,fixation
12:11:5.16144,704.3,210.2,fixation
12:11:5.16193,704.3,210.1,fixation
12:11:5.16243,704.3,210.5,fixation
12:11:5.16292,704.1,213.8,fixation
12:11:5.16341,703.9,215.7,fixation
12:11:5.16391,704.0,214.5,fixation
12:11:5.16440,704.3,213.1,fixation
12:11:5.16489,704.4,211.9,fixation
12:11:5.16538,704.3,211.9,fixation
12:11:5.16588,704.2,213.6,fixation
12:11:5.16637,704.1,217.5,fixation
12:11:5.16686,704.5,219.4,fixation
12:11:5.16735,704.6,219.7,fixation
12:11:5.16785,704.6,218.4,fixation
12:11:5.16834,704.5,218.1,fixation
12:11:5.16883,704.3,221.0,fixation
12:11:5.16932,704.4,222.6,fixation
12:11:5.16982,705.4,222.8,fixation
12:11:5.17031,705.8,223.2,fixation
12:11:5.17080,705.8,224.6,fixation
12:11:5.1713,706.3,225.3,fixation
12:11:5.17179,706.5,223.2,fixation
12:11:5.17228,706.4,221.5,fixation
12:11:5.17277,705.7,219.5,fixation
12:11:5.17327,705.6,219.0,fixation
12:11:5.17376,705.7,219.0,fixation
12:11:5.17425,705.9,217.9,fixation
12:11:5.17474,705.9,217.1,fixation
12:11:5.17524,705.8,216.4,fixation
12:11:5.17573,705.1,216.0,fixation
12:11:5.17622,705.1,213.6,fixation
12:11:5.17671,705.2,207.6,fixation
12:11:5.17721,705.0,204.7,fixation
12:11:5.17770,703.4,204.9,saccade
12:11:5.17819,703.8,204.7,saccade
12:11:5.17869,705.2,204.3,saccade
12:11:5.17918,707.5,205.7,saccade
12:11:5.17967,713.3,209.1,saccade
12:11:5.18016,728.1,212.9,saccade
12:11:5.18066,751.3,220.9,saccade
12:11:5.18115,775.1,226.2,saccade
12:11:5.18164,796.2,227.8,saccade
12:11:5.18213,807.9,228.0,saccade
12:11:5.18263,808.5,226.5,saccade
12:11:5.18312,804.5,224.8,saccade
12:11:5.18361,797.2,222.6,saccade
12:11:5.18410,789.3,219.6,saccade
12:11:5.1846,782.0,217.5,saccade
12:11:5.18509,777.2,215.3,saccade
12:11:5.18558,775.9,214.2,fixation
12:11:5.18608,775.4,213.0,fixation
12:11:5.18657,776.4,210.7,fixation
12:11:5.18706,776.0,210.1,fixation
12:11:5.18755,775.1,209.1,fixation
12:11:5.18805,774.4,208.8,fixation
12:11:5.18854,774.4,209.8,fixation
12:11:5.18903,775.1,210.1,fixation
12:11:5.18952,777.8,209.4,fixation
12:11:5.19002,778.7,212.2,fixation
12:11:5.19051,779.3,213.3,fixation
12:11:5.19100,779.8,211.9,fixation
12:11:5.1915,779.8,210.7,fixation
12:11:5.19199,780.2,210.3,fixation
12:11:5.19248,780.2,210.9,fixation
12:11:5.19297,780.4,211.5,fixation
12:11:5.19347,780.4,213.1,fixation
12:11:5.19396,780.2,213.7,fixation
12:11:5.19445,779.6,213.2,fixation
12:11:5.19494,778.6,214.5,fixation
12:11:5.19544,778.2,214.0,fixation
12:11:5.19593,778.0,214.6,fixation
12:11:5.19642,778.3,214.9,fixation
12:11:5.19691,778.4,215.1,fixation
12:11:5.19741,778.3,216.5,fixation
12:11:5.19790,778.6,217.6,fixation
12:11:5.19839,778.8,218.6,fixation
12:11:5.19889,778.6,219.5,fixation
12:11:5.19938,778.3,219.5,fixation
12:11:5.19987,778.3,218.2,fixation
12:11:5.20036,778.5,217.0,fixation
12:11:5.20086,778.7,218.7,fixation
12:11:5.20135,778.1,219.3,fixation
12:11:5.20184,777.4,220.2,fixation
12:11:5.20233,777.4,221.2,fixation
12:11:5.20283,777.4,219.7,fixation
12:11:5.20332,777.4,220.0,fixation
12:11:5.20381,777.3,221.2,fixation
12:11:5.20430,776.5,220.4,fixation
12:11:5.2048,776.5,219.5,fixation
12:11:5.20529,776.3,220.0,fixation
12:11:5.20578,776.1,219.2,fixation
12:11:5.20628,776.7,218.4,fixation
12:11:5.20677,777.4,219.9,fixation
12:11:5.20726,776.6,222.4,fixation
12:11:5.20775,776.6,223.0,fixation
12:11:5.20825,776.4,222.9,fixation
12:11:5.20874,776.6,222.7,fixation
12:11:5.20923,776.7,222.4,fixation
12:11:5.20972,776.3,221.8,fixation
12:11:5.21022,776.4,220.4,fixation
12:11:5.21071,776.6,220.2,fixation
12:11:5.21120,775.8,220.5,fixation
12:11:5.21169,775.0,219.6,fixation
12:11:5.21219,775.0,220.7,fixation
12:11:5.21268,775.3,221.7,fixation
12:11:5.21317,776.6,221.2,fixation
12:11:5.21367,777.1,221.1,fixation
12:11:5.21416,776.1,221.1,fixation
12:11:5.21465,776.9,221.5,fixation
12:11:5.21514,777.7,222.1,fixation
12:11:5.21564,778.5,222.0,fixation
12:11:5.21613,779.6,221.2,fixation
12:11:5.21662,779.7,221.8,fixation
12:11:5.21711,779.3,222.6,fixation
12:11:5.21761,778.3,222.2,fixation
12:11:5.21810,778.1,221.4,fixation
12:11:5.21859,778.5,221.6,fixation
12:11:5.21909,778.6,223.0,fixation
12:11:5.21958,779.5,222.8,fixation
12:11:5.22007,780.1,220.1,fixation
12:11:5.22056,780.0,218.8,fixation
12:11:5.22106,779.7,217.1,fixation
12:11:5.22155,779.4,215.9,fixation
12:11:5.22204,779.4,215.4,fixation
12:11:5.22253,779.0,213.5,fixation
12:11:5.22303,779.6,214.9,fixation
12:11:5.22352,779.7,215.6,fixation
12:11:5.22401,779.3,215.8,fixation
12:11:5.22450,778.6,215.0,fixation
12:11:5.225,778.3,213.2,fixation
12:11:5.22549,778.7,208.8,fixation
12:11:5.22598,778.6,206.3,fixation
12:11:5.22648,778.5,208.1,fixation
12:11:5.22697,778.4,211.2,fixation
12:11:5.22746,778.3,214.5,fixation
12:11:5.22795,778.4,214.9,fixation
12:11:5.22845,778.5,213.9,fixation
12:11:5.22894,778.4,213.0,fixation
12:11:5.22943,778.4,213.0,fixation
12:11:5.22992,778.9,212.2,fixation
12:11:5.23042,779.2,211.6,fixation
12:11:5.23091,779.6,212.7,fixation
12:11:5.23140,779.4,213.0,fixation
12:11:5.23189,779.1,215.9,fixation
12:11:5.23239,779.0,220.6,fixation
12:11:5.23288,778.9,219.0,fixation
12:11:5.23337,779.0,218.4,fixation
12:11:5.23387,779.6,220.2,fixation
12:11:5.23436,779.7,222.1,fixation
12:11:5.23485,780.4,222.6,fixation
12:11:5.23534,780.3,223.2,fixation
12:11:5.23584,779.5,224.3,fixation
12:11:5.23633,779.9,225.8,fixation
12:11:5.23682,779.4,225.0,fixation
12:11:5.23731,778.3,224.2,fixation
12:11:5.23781,778.3,224.4,fixation
12:11:5.23830,778.9,224.2,fixation
12:11:5.23879,778.9,222.0,fixation
12:11:5.23929,778.9,220.5,fixation
12:11:5.23978,778.7,220.8,fixation
12:11:5.24027,778.7,221.5,fixation
12:11:5.24076,778.6,224.4,fixation
12:11:5.24126,778.4,223.7,fixation
12:11:5.24175,777.3,222.3,fixation
12:11:5.24224,776.9,221.0,fixation
12:11:5.24273,777.4,219.1,fixation
12:11:5.24323,777.7,218.2,fixation
12:11:5.24372,777.6,218.2,fixation
12:11:5.24421,777.3,218.1,fixation
12:11:5.24470,776.7,217.3,fixation
12:11:5.2452,776.5,215.7,fixation
12:11:5.24569,776.8,215.2,fixation
12:11:5.24618,776.9,216.0,fixation
12:11:5.24668,776.6,216.4,fixation
12:11:5.24717,775.7,217.4,fixation
12:11:5.24766,775.6,218.4,fixation
12:11:5.24815,776.4,214.6,fixation
12:11:5.24865,777.0,212.9,fixation
12:11:5.24914,776.6,214.0,fixation
12:11:5.24963,776.2,214.2,fixation
12:11:5.25012,775.5,214.0,fixation
12:11:5.25062,775.4,214.2,fixation
12:11:5.25111,775.6,212.1,fixation
12:11:5.25160,776.2,212.1,fixation
12:11:5.25209,776.5,212.7,fixation
12:11:5.25259,775.6,212.8,fixation
12:11:5.25308,773.6,212.5,fixation
12:11:5.25357,772.8,214.2,fixation
12:11:5.25407,773.0,216.4,fixation
12:11:5.25456,773.7,216.4,fixation
12:11:5.25505,774.3,217.4,fixation
12:11:5.25554,774.3,218.4,fixation
12:11:5.25604,774.0,218.6,fixation
12:11:5.25653,773.4,218.5,fixation
12:11:5.25702,773.3,217.4,fixation
12:11:5.25751,773.3,216.7,fixation
12:11:5.25801,773.2,219.3,fixation
12:11:5.25850,773.4,224.0,fixation
12:11:5.25899,773.7,224.2,fixation
12:11:5.25948,773.9,222.9,fixation
12:11:5.25998,773.6,222.1,fixation
12:11:5.26047,773.2,221.4,fixation
12:11:5.26096,774.0,223.3,fixation
12:11:5.26146,775.2,224.6,fixation
12:11:5.26195,775.6,224.7,fixation
12:11:5.26244,775.6,225.2,fixation
12:11:5.26293,775.4,226.4,fixation
12:11:5.26343,775.5,227.6,fixation
12:11:5.26392,776.5,227.0,fixation
12:11:5.26441,777.5,225.1,fixation
12:11:5.26490,777.6,223.2,fixation
12:11:5.2654,777.2,223.7,fixation
12:11:5.26589,777.7,225.8,fixation
12:11:5.26638,778.3,225.7,fixation
12:11:5.26688,778.2,225.3,fixation
12:11:5.26737,777.0,225.1,fixation
12:11:5.26786,775.8,224.5,fixation
12:11:5.26835,775.5,224.3,fixation
12:11:5.26885,775.7,221.9,fixation
12:11:5.26934,775.8,221.5,fixation
12:11:5.26983,775.8,222.6,fixation
12:11:5.27032,775.7,221.1,fixation
12:11:5.27082,775.8,220.9,fixation
12:11:5.27131,774.5,221.4,fixation
12:11:5.27180,773.6,221.0,fixation
12:11:5.27229,773.2,218.3,fixation
12:11:5.27279,774.2,217.7,fixation
12:11:5.27328,774.5,217.1,fixation
12:11:5.27377,774.2,216.9,fixation
12:11:5.27427,772.9,217.0,fixation
12:11:5.27476,772.7,215.9,fixation
12:11:5.27525,773.2,213.6,fixation
12:11:5.27574,773.8,214.3,fixation
12:11:5.27624,773.9,215.8,fixation
12:11:5.27673,773.3,216.6,fixation
12:11:5.27722,773.1,218.4,fixation
12:11:5.27771,773.4,219.7,fixation
12:11:5.27821,774.4,220.1,fixation
12:11:5.27870,775.0,220.8,fixation
12:11:5.27919,775.9,222.4,fixation
12:11:5.27968,776.3,221.0,fixation
12:11:5.28018,776.3,220.2,fixation
12:11:5.28067,776.4,221.1,fixation
12:11:5.28116,776.8,219.9,fixation
12:11:5.28166,777.3,220.7,fixation
12:11:5.28215,777.4,223.6,fixation
12:11:5.28264,777.4,223.6,fixation
12:11:5.28313,777.5,223.2,fixation
12:11:5.28363,777.5,222.7,fixation
12:11:5.28412,777.0,223.5,fixation
12:11:5.28461,777.9,226.1,fixation
12:11:5.28510,777.9,225.7,fixation
12:11:5.2856,777.2,228.2,fixation
12:11:5.28609,776.7,231.0,fixation
12:11:5.28658,776.9,232.5,fixation
12:11:5.28708,776.7,233.3,fixation
12:11:5.28757,775.6,233.0,fixation
12:11:5.28806,774.7,232.0,fixation
12:11:5.28855,774.6,227.4,fixation
12:11:5.28905,774.2,224.7,fixation
12:11:5.28954,773.8,224.0,fixation
12:11:5.29003,773.5,222.8,saccade
12:11:5.29052,773.1,222.9,saccade
12:11:5.29102,775.2,223.9,saccade
12:11:5.29151,780.5,225.8,saccade
12:11:5.29200,791.1,226.0,saccade
12:11:5.29249,805.9,229.3,saccade
12:11:5.29299,823.9,234.3,saccade
12:11:5.29348,841.8,237.4,saccade
12:11:5.29397,857.6,241.9,saccade
12:11:5.29447,867.5,243.6,saccade
12:11:5.29496,870.4,243.1,saccade
12:11:5.29545,865.9,241.5,saccade
12:11:5.29594,857.0,241.1,saccade
12:11:5.29644,848.1,240.4,saccade
12:11:5.29693,840.0,240.5,saccade
12:11:5.29742,835.1,242.9,saccade
12:11:5.29791,831.9,243.2,saccade
12:11:5.29841,831.5,241.7,fixation
12:11:5.29890,832.4,243.9,fixation
12:11:5.29939,833.9,246.1,fixation
12:11:5.29988,834.8,246.3,fixation
12:11:5.30038,834.7,246.7,fixation
12:11:5.30087,834.4,247.9,fixation
12:11:5.30136,834.6,247.8,fixation
12:11:5.30186,835.4,245.9,fixation
12:11:5.30235,835.4,242.6,fixation
12:11:5.30284,836.0,242.0,fixation
12:11:5.30333,837.6,242.6,fixation
12:11:5.30383,839.0,243.8,fixation
12:11:5.30432,840.2,246.1,fixation
12:11:5.30481,839.5,249.2,fixation
12:11:5.30530,839.4,250.3,fixation
12:11:5.3058,839.1,254.9,fixation
12:11:5.30629,838.6,257.1,fixation
12:11:5.30678,838.6,254.7,fixation
12:11:5.30727,838.3,250.2,fixation
12:11:5.30777,838.1,244.8,fixation
12:11:5.30826,839.2,241.7,fixation
12:11:5.30875,839.5,241.8,fixation
12:11:5.30925,839.5,245.3,fixation
12:11:5.30974,839.0,250.2,fixation
12:11:5.31023,838.4,253.4,fixation
12:11:5.31072,838.6,255.3,fixation
12:11:5.31122,838.5,252.9,fixation
12:11:5.31171,838.2,252.4,fixation
12:11:5.31220,838.3,251.7,fixation
12:11:5.31269,838.3,249.0,fixation
12:11:5.31319,837.5,246.9,fixation
12:11:5.31368,837.1,246.7,fixation
12:11:5.31417,836.7,247.0,fixation
12:11:5.31467,837.1,247.0,fixation
12:11:5.31516,837.6,248.9,fixation
12:11:5.31565,837.3,249.4,fixation
12:11:5.31614,837.1,247.4,fixation
12:11:5.31664,837.6,246.5,fixation
12:11:5.31713,839.3,245.0,fixation
12:11:5.31762,840.2,242.7,fixation
12:11:5.31811,840.9,243.8,fixation
12:11:5.31861,841.3,249.7,fixation
12:11:5.31910,841.8,251.7,fixation
12:11:5.31959,841.9,254.3,fixation
12:11:5.32008,841.2,256.4,fixation
12:11:5.32058,840.7,257.9,fixation
12:11:5.32107,840.6,258.5,fixation
12:11:5.32156,840.8,257.5,fixation
12:11:5.32206,841.1,257.0,fixation
12:11:5.32255,841.6,252.9,fixation
12:11:5.32304,841.4,249.1,fixation
12:11:5.32353,840.9,250.3,fixation
12:11:5.32403,841.0,249.6,fixation
12:11:5.32452,841.2,249.1,fixation
12:11:5.32501,841.0,246.5,fixation
12:11:5.32550,840.2,245.3,fixation
12:11:5.326,840.3,246.9,fixation
12:11:5.32649,840.9,248.5,fixation
12:11:5.32698,840.4,250.4,fixation
12:11:5.32747,839.9,251.6,fixation
12:11:5.32797,839.3,253.7,fixation
12:11:5.32846,838.6,253.6,fixation
12:11:5.32895,839.2,251.5,fixation
12:11:5.32945,839.3,253.2,fixation
12:11:5.32994,839.4,254.5,fixation
12:11:5.33043,839.4,254.5,fixation
12:11:5.33092,839.4,254.1,fixation
12:11:5.33142,839.4,252.8,fixation
12:11:5.33191,839.5,249.7,fixation
12:11:5.33240,839.7,248.7,fixation
12:11:5.33289,839.7,246.1,fixation
12:11:5.33339,840.0,244.1,fixation
12:11:5.33388,840.3,244.5,fixation
12:11:5.33437,840.0,244.0,fixation
12:11:5.33487,840.3,244.0,fixation
12:11:5.33536,840.8,245.1,fixation
12:11:5.33585,841.0,245.9,fixation
12:11:5.33634,841.1,246.3,fixation
12:11:5.33684,841.0,248.1,fixation
12:11:5.33733,840.8,251.3,fixation
12:11:5.33782,840.6,250.6,fixation
12:11:5.33831,840.1,249.7,fixation
12:11:5.33881,839.3,250.3,fixation
12:11:5.33930,839.2,251.1,fixation
12:11:5.33979,839.3,252.0,fixation
12:11:5.34028,839.6,253.5,fixation
12:11:5.34078,839.8,256.1,fixation
12:11:5.34127,839.4,255.7,fixation
12:11:5.34176,839.2,256.0,fixation
12:11:5.34226,839.2,257.1,fixation
12:11:5.34275,839.9,256.7,saccade
12:11:5.34324,841.6,253.6,saccade
12:11:5.34373,839.9,249.1,saccade
12:11:5.34423,835.5,242.3,saccade
12:11:5.34472,828.4,235.2,saccade
12:11:5.34521,816.8,226.2,saccade
12:11:5.34570,804.2,218.1,saccade
12:11:5.3462,792.7,216.0,saccade
12:11:5.34669,785.9,211.3,saccade
12:11:5.34718,787.2,212.1,saccade
12:11:5.34767,793.2,216.9,saccade
12:11:5.34817,799.3,219.2,saccade
12:11:5.34866,803.3,219.9,fixation
12:11:5.34915,806.3,222.2,fixation
12:11:5.34965,807.2,224.0,fixation
12:11:5.35014,807.2,224.5,fixation
12:11:5.35063,806.5,224.2,fixation
12:11:5.35112,804.4,224.2,fixation
12:11:5.35162,803.3,224.9,fixation
12:11:5.35211,803.2,224.8,fixation
12:11:5.35260,805.0,224.0,fixation
12:11:5.35309,807.0,223.9,fixation
12:11:5.35359,807.4,221.9,fixation
12:11:5.35408,808.1,218.9,fixation
12:11:5.35457,807.7,216.1,fixation
12:11:5.35506,806.2,221.0,fixation
12:11:5.35556,804.5,224.8,fixation
12:11:5.35605,802.8,226.3,fixation
12:11:5.35654,801.3,226.6,fixation
12:11:5.35704,800.9,225.8,fixation
12:11:5.35753,801.8,224.1,fixation
12:11:5.35802,803.9,220.3,fixation
12:11:5.35851,804.4,218.2,fixation
12:11:5.35901,805.4,217.0,fixation
12:11:5.35950,805.5,217.0,fixation
12:11:5.35999,803.8,220.4,fixation
12:11:5.36048,802.5,224.3,fixation
12:11:5.36098,802.0,224.6,fixation
12:11:5.36147,800.4,225.2,fixation
12:11:5.36196,798.8,223.9,fixation
12:11:5.36246,798.9,221.1,fixation
12:11:5.36295,799.9,219.0,fixation
12:11:5.36344,802.1,218.5,fixation
12:11:5.36393,804.1,218.5,fixation
12:11:5.36443,805.0,218.5,fixation
12:11:5.36492,804.7,217.5,fixation
12:11:5.36541,804.3,216.7,fixation
12:11:5.36590,803.7,216.0,fixation
12:11:5.3664,803.9,215.4,fixation
12:11:5.36689,803.9,216.8,fixation
12:11:5.36738,803.7,218.4,fixation
12:11:5.36787,803.0,218.8,fixation
12:11:5.36837,801.1,218.8,fixation
12:11:5.36886,800.4,218.8,fixation
12:11:5.36935,799.9,219.4,fixation
12:11:5.36985,800.2,219.7,fixation
12:11:5.37034,800.9,222.1,fixation
12:11:5.37083,800.9,224.8,fixation
12:11:5.37132,800.7,225.0,fixation
12:11:5.37182,799.6,223.8,fixation
12:11:5.37231,799.4,222.8,fixation
12:11:5.37280,799.2,219.1,fixation
12:11:5.37329,798.3,214.1,fixation
12:11:5.37379,797.7,213.2,fixation
12:11:5.37428,796.8,214.3,fixation
12:11:5.37477,796.9,218.8,fixation
12:11:5.37526,797.6,220.3,fixation
12:11:5.37576,798.2,222.3,fixation
12:11:5.37625,798.5,222.5,fixation
12:11:5.37674,798.0,224.2,fixation
12:11:5.37724,797.6,225.9,fixation
12:11:5.37773,797.9,223.2,fixation
12:11:5.37822,798.3,219.6,fixation
12:11:5.37871,797.5,218.9,fixation
12:11:5.37921,797.5,217.7,fixation
12:11:5.37970,798.2,216.8,fixation
12:11:5.38019,797.9,214.0,fixation
12:11:5.38068,797.7,212.7,fixation
12:11:5.38118,797.7,214.0,fixation
12:11:5.38167,797.8,215.6,fixation
12:11:5.38216,797.7,216.7,fixation
12:11:5.38266,797.1,217.5,fixation
12:11:5.38315,796.8,218.4,fixation
12:11:5.38364,798.1,218.9,fixation
12:11:5.38413,799.2,217.4,fixation
12:11:5.38463,799.3,217.9,saccade
12:11:5.38512,799.8,219.7,saccade
12:11:5.38561,798.8,220.0,saccade
12:11:5.38610,793.7,218.0,saccade
12:11:5.3866,782.9,216.8,saccade
12:11:5.38709,772.2,215.7,saccade
12:11:5.38758,765.3,215.8,saccade
12:11:5.38807,760.5,217.6,saccade
12:11:5.38857,759.8,219.1,saccade
12:11:5.38906,763.6,219.4,saccade
12:11:5.38955,768.6,219.3,fixation
12:11:5.39005,770.8,217.1,fixation
12:11:5.39054,771.5,213.7,fixation
12:11:5.39103,772.0,215.5,fixation
12:11:5.39152,772.4,217.0,fixation
12:11:5.39202,771.8,214.6,fixation
12:11:5.39251,771.7,214.7,fixation
12:11:5.39300,772.5,216.7,fixation
12:11:5.39349,772.8,217.7,fixation
12:11:5.39399,772.6,218.4,fixation
12:11:5.39448,773.4,218.8,fixation
12:11:5.39497,774.0,219.3,fixation
12:11:5.39546,774.5,220.2,fixation
12:11:5.39596,775.5,220.4,fixation
12:11:5.39645,776.7,220.3,fixation
12:11:5.39694,777.0,219.8,fixation
12:11:5.39744,776.9,219.5,fixation
12:11:5.39793,775.8,219.9,fixation
12:11:5.39842,775.1,222.0,fixation
12:11:5.39891,775.3,223.3,fixation
12:11:5.39941,775.2,221.5,fixation
12:11:5.39990,775.5,221.2,fixation
12:11:5.40039,776.2,221.0,fixation
12:11:5.40088,775.4,219.7,fixation
12:11:5.40138,775.0,219.1,fixation
12:11:5.40187,775.6,220.4,fixation
12:11:5.40236,776.2,219.2,fixation
12:11:5.40285,775.9,218.4,fixation
12:11:5.40335,775.8,218.3,fixation
12:11:5.40384,775.9,218.8,fixation
12:11:5.40433,776.2,218.2,fixation
12:11:5.40483,776.2,215.7,fixation
12:11:5.40532,775.9,215.8,fixation
12:11:5.40581,775.1,216.0,fixation
12:11:5.40630,774.0,216.3,fixation
12:11:5.4068,773.3,216.7,fixation
12:11:5.40729,772.7,216.8,fixation
12:11:5.40778,772.5,215.4,fixation
12:11:5.40827,772.8,211.8,fixation
12:11:5.40877,774.1,214.3,fixation
12:11:5.40926,773.6,215.6,fixation
12:11:5.40975,772.6,218.4,fixation
12:11:5.41025,772.4,218.7,fixation
12:11:5.41074,772.6,218.2,fixation
12:11:5.41123,773.6,217.8,fixation
12:11:5.41172,774.6,220.1,fixation
12:11:5.41222,774.3,223.8,fixation
12:11:5.41271,774.2,226.9,fixation
12:11:5.41320,774.9,229.9,fixation
12:11:5.41369,774.2,229.5,fixation
12:11:5.41419,774.3,228.7,fixation
12:11:5.41468,774.6,225.1,fixation
12:11:5.41517,774.0,222.1,fixation
12:11:5.41566,772.8,223.0,fixation
12:11:5.41616,772.2,224.4,fixation
12:11:5.41665,772.1,224.7,fixation
12:11:5.41714,771.9,226.5,fixation
12:11:5.41764,771.9,228.3,fixation
12:11:5.41813,773.2,227.2,fixation
12:11:5.41862,774.1,225.6,fixation
12:11:5.41911,774.7,225.6,fixation
12:11:5.41961,775.0,225.8,fixation
12:11:5.42010,774.9,223.7,fixation
12:11:5.42059,774.4,221.4,fixation
12:11:5.42108,773.8,221.1,fixation
12:11:5.42158,773.9,221.0,fixation
12:11:5.42207,773.9,221.5,fixation
12:11:5.42256,772.9,225.3,fixation
12:11:5.42305,771.9,228.7,fixation
12:11:5.42355,771.5,229.2,fixation
12:11:5.42404,772.0,229.2,fixation
12:11:5.42453,772.2,228.1,fixation
12:11:5.42503,771.5,226.7,fixation
12:11:5.42552,771.5,224.0,fixation
12:11:5.42601,771.8,223.3,fixation
12:11:5.42650,771.8,225.2,fixation
12:11:5.427,772.1,226.4,fixation
12:11:5.42749,772.7,225.8,fixation
12:11:5.42798,772.9,226.1,fixation
12:11:5.42847,772.5,227.4,fixation
12:11:5.42897,771.9,226.0,fixation
12:11:5.42946,771.0,220.1,fixation
12:11:5.42995,771.2,217.0,fixation
12:11:5.43044,771.7,215.0,fixation
12:11:5.43094,771.6,213.1,fixation
12:11:5.43143,771.4,213.8,fixation
12:11:5.43192,771.3,217.0,fixation
12:11:5.43242,771.4,222.3,fixation
12:11:5.43291,771.8,226.2,fixation
12:11:5.43340,772.7,226.1,fixation
12:11:5.43389,772.8,228.3,fixation
12:11:5.43439,772.2,227.1,fixation
12:11:5.43488,771.7,225.2,fixation
12:11:5.43537,770.2,221.7,fixation
12:11:5.43586,769.7,218.7,fixation
12:11:5.43636,769.8,218.5,fixation
12:11:5.43685,769.8,221.9,fixation
12:11:5.43734,770.1,224.8,fixation
12:11:5.43784,770.3,226.2,fixation
12:11:5.43833,770.6,222.5,fixation
12:11:5.43882,770.5,219.1,fixation
12:11:5.43931,770.3,218.5,fixation
12:11:5.43981,771.7,220.9,fixation
12:11:5.44030,772.7,225.4,fixation
12:11:5.44079,772.6,226.3,fixation
12:11:5.44128,771.2,226.3,fixation
12:11:5.44178,770.7,226.1,fixation
12:11:5.44227,769.3,223.3,fixation
12:11:5.44276,769.3,216.4,fixation
12:11:5.44325,769.2,213.0,fixation
12:11:5.44375,768.7,214.3,fixation
12:11:5.44424,768.9,216.0,fixation
12:11:5.44473,769.5,220.6,fixation
12:11:5.44523,770.0,223.1,fixation
12:11:5.44572,769.9,223.9,fixation
12:11:5.44621,770.1,224.8,fixation
12:11:5.44670,770.4,225.2,fixation
12:11:5.4472,770.5,224.0,fixation
12:11:5.44769,770.7,222.2,fixation
12:11:5.44818,770.2,217.7,fixation
12:11:5.44867,769.6,215.3,fixation
12:11:5.44917,769.0,215.1,fixation
12:11:5.44966,767.9,215.4,fixation
12:11:5.45015,767.3,219.3,fixation
12:11:5.45064,767.6,224.1,fixation
12:11:5.45114,769.1,228.4,fixation
12:11:5.45163,770.1,230.2,fixation
12:11:5.45212,770.0,226.7,fixation
12:11:5.45262,769.2,221.9,fixation
12:11:5.45311,769.9,218.2,fixation
12:11:5.45360,770.1,218.6,fixation
12:11:5.45409,769.8,221.9,fixation
12:11:5.45459,769.1,218.8,fixation
12:11:5.45508,769.0,215.6,fixation
12:11:5.45557,768.4,215.8,fixation
12:11:5.45606,767.8,216.7,fixation
12:11:5.45656,767.6,218.6,fixation
12:11:5.45705,767.5,220.6,fixation
12:11:5.45754,768.6,223.1,fixation
12:11:5.45804,769.5,225.1,fixation
12:11:5.45853,769.7,226.5,fixation
12:11:5.45902,769.6,227.9,fixation
12:11:5.45951,769.1,228.2,fixation
12:11:5.46001,769.1,229.4,fixation
12:11:5.46050,769.7,226.6,fixation
12:11:5.46099,769.6,225.4,fixation
12:11:5.46148,768.6,224.7,fixation
12:11:5.46198,768.2,223.8,fixation
12:11:5.46247,768.3,221.3,fixation
12:11:5.46296,768.3,220.3,fixation
12:11:5.46345,768.3,220.1,fixation
12:11:5.46395,768.6,219.7,fixation
12:11:5.46444,768.5,219.3,fixation
12:11:5.46493,768.5,219.6,fixation
12:11:5.46543,768.1,222.1,fixation
12:11:5.46592,768.4,225.4,fixation
12:11:5.46641,769.4,225.3,fixation
12:11:5.46690,769.7,225.2,fixation
12:11:5.4674,769.4,225.3,fixation
12:11:5.46789,769.2,225.2,fixation
12:11:5.46838,768.4,222.3,fixation
12:11:5.46887,767.2,219.5,fixation
12:11:5.46937,767.7,218.1,fixation
12:11:5.46986,767.3,213.8,fixation
12:11:5.47035,766.7,214.8,fixation
12:11:5.47084,766.7,214.3,fixation
12:11:5.47134,766.9,214.2,fixation
12:11:5.47183,767.7,214.7,fixation
12:11:5.47232,768.1,214.7,fixation
12:11:5.47282,768.2,214.5,fixation
12:11:5.47331,768.1,214.2,fixation
12:11:5.47380,768.9,214.0,fixation
12:11:5.47429,769.2,213.8,saccade
12:11:5.47479,769.3,215.0,saccade
12:11:5.47528,772.3,219.0,saccade
12:11:5.47577,777.5,216.9,saccade
12:11:5.47626,786.6,218.5,saccade
12:11:5.47676,803.3,222.1,saccade
12:11:5.47725,821.3,222.2,saccade
12:11:5.47774,835.6,222.0,saccade
12:11:5.47823,841.8,220.5,saccade
12:11:5.47873,841.4,216.8,saccade
12:11:5.47922,834.1,215.9,saccade
12:11:5.47971,824.4,218.0,saccade
12:11:5.48021,817.2,219.3,saccade
12:11:5.48070,813.3,222.4,saccade
12:11:5.48119,812.7,225.2,fixation
12:11:5.48168,812.7,225.6,fixation
12:11:5.48218,812.8,225.3,fixation
12:11:5.48267,812.5,225.3,fixation
12:11:5.48316,812.2,225.1,fixation
12:11:5.48365,812.4,224.6,fixation
12:11:5.48415,812.3,223.8,fixation
12:11:5.48464,812.3,223.4,fixation
12:11:5.48513,813.0,226.0,fixation
12:11:5.48563,814.6,227.5,fixation
12:11:5.48612,815.1,225.2,fixation
12:11:5.48661,814.9,222.4,fixation
12:11:5.48710,814.5,222.1,fixation
12:11:5.4876,814.5,222.6,fixation
12:11:5.48809,814.4,223.9,fixation
12:11:5.48858,814.7,224.1,fixation
12:11:5.48907,814.3,223.9,fixation
12:11:5.48957,813.1,223.8,fixation
12:11:5.49006,812.0,220.2,fixation
12:11:5.49055,811.9,215.7,fixation
12:11:5.49104,811.9,215.2,fixation
12:11:5.49154,811.1,215.7,fixation
12:11:5.49203,811.3,216.0,fixation
12:11:5.49252,811.7,215.7,fixation
12:11:5.49302,812.6,215.0,fixation
12:11:5.49351,812.9,215.0,fixation
12:11:5.49400,812.7,215.9,fixation
12:11:5.49449,813.7,219.5,fixation
12:11:5.49499,813.8,221.3,fixation
12:11:5.49548,814.1,219.6,fixation
12:11:5.49597,814.5,220.1,fixation
12:11:5.49646,814.4,223.7,fixation
12:11:5.49696,814.7,226.3,fixation
12:11:5.49745,815.0,227.2,fixation
12:11:5.49794,815.3,228.1,fixation
12:11:5.49843,815.4,229.3,fixation
12:11:5.49893,815.7,229.7,fixation
12:11:5.49942,815.6,226.0,fixation
12:11:5.49991,815.3,223.3,fixation
12:11:5.50041,814.8,218.0,fixation
12:11:5.50090,812.6,216.0,fixation
12:11:5.50139,813.2,215.8,fixation
12:11:5.50188,814.0,216.8,fixation
12:11:5.50238,813.8,217.9,fixation
12:11:5.50287,813.7,222.2,fixation
12:11:5.50336,813.9,225.2,fixation
12:11:5.50385,814.3,224.4,fixation
12:11:5.50435,814.4,226.7,fixation
12:11:5.50484,814.1,227.6,fixation
12:11:5.50533,814.0,225.6,fixation
12:11:5.50583,813.8,227.4,fixation
12:11:5.50632,814.4,230.1,fixation
12:11:5.50681,815.6,229.9,fixation
12:11:5.50730,816.1,225.8,fixation
12:11:5.5078,816.0,223.0,fixation
12:11:5.50829,816.1,223.7,fixation
12:11:5.50878,815.5,223.0,fixation
12:11:5.50927,815.3,220.9,fixation
12:11:5.50977,815.2,219.7,fixation
12:11:5.51026,814.4,217.1,fixation
12:11:5.51075,813.9,216.0,fixation
12:11:5.51124,814.0,216.5,fixation
12:11:5.51174,814.1,217.7,fixation
12:11:5.51223,814.1,218.8,fixation
12:11:5.51272,814.0,219.8,fixation
12:11:5.51322,814.2,220.2,fixation
12:11:5.51371,814.9,221.0,fixation
12:11:5.51420,815.5,222.4,fixation
12:11:5.51469,816.8,223.4,fixation
12:11:5.51519,818.2,222.5,fixation
12:11:5.51568,818.2,221.7,fixation
12:11:5.51617,817.5,221.2,fixation
12:11:5.51666,817.0,221.3,fixation
12:11:5.51716,817.3,224.9,fixation
12:11:5.51765,817.1,227.7,fixation
12:11:5.51814,816.7,229.1,fixation
12:11:5.51863,815.9,229.9,fixation
12:11:5.51913,815.4,229.5,fixation
12:11:5.51962,815.4,229.5,fixation
12:11:5.52011,814.6,229.6,fixation
12:11:5.52061,813.7,229.4,fixation
12:11:5.52110,814.6,226.5,fixation
12:11:5.52159,816.3,224.7,fixation
12:11:5.52208,816.9,222.9,fixation
12:11:5.52258,817.5,219.2,fixation
12:11:5.52307,817.9,219.2,fixation
12:11:5.52356,817.4,220.9,fixation
12:11:5.52405,817.3,223.5,fixation
12:11:5.52455,817.3,227.0,fixation
12:11:5.52504,816.7,226.3,fixation
12:11:5.52553,816.2,224.6,fixation
12:11:5.52602,815.7,223.5,fixation
12:11:5.52652,814.9,223.8,fixation
12:11:5.52701,815.5,223.7,fixation
12:11:5.52750,815.5,223.9,fixation
12:11:5.528,815.5,223.9,fixation
12:11:5.52849,815.6,225.9,fixation
12:11:5.52898,815.1,228.4,fixation
12:11:5.52947,815.4,229.3,fixation
12:11:5.52997,816.0,229.6,fixation
12:11:5.53046,815.3,229.9,fixation
12:11:5.53095,814.7,231.2,fixation
12:11:5.53144,815.3,231.9,fixation
12:11:5.53194,816.1,229.9,fixation
12:11:5.53243,816.6,226.4,fixation
12:11:5.53292,817.2,224.0,fixation
12:11:5.53342,817.7,222.0,fixation
12:11:5.53391,818.0,221.2,saccade
12:11:5.53440,817.6,221.3,saccade
12:11:5.53489,818.0,223.2,saccade
12:11:5.53539,821.1,224.9,saccade
12:11:5.53588,830.8,226.5,saccade
12:11:5.53637,848.0,229.1,saccade
12:11:5.53686,866.0,229.2,saccade
12:11:5.53736,885.8,226.9,saccade
12:11:5.53785,900.4,224.8,saccade
12:11:5.53834,905.8,219.8,saccade
12:11:5.53883,904.1,217.5,saccade
12:11:5.53933,896.6,218.1,saccade
12:11:5.53982,884.9,219.8,saccade
12:11:5.54031,877.8,223.6,saccade
12:11:5.54081,875.7,226.4,saccade
12:11:5.54130,875.0,228.2,fixation
12:11:5.54179,875.4,228.5,fixation
12:11:5.54228,875.3,226.5,fixation
12:11:5.54278,873.1,226.1,fixation
12:11:5.54327,872.5,224.0,fixation
12:11:5.54376,871.2,223.4,fixation
12:11:5.54425,871.4,222.6,fixation
12:11:5.54475,873.8,220.3,fixation
12:11:5.54524,876.3,219.3,fixation
12:11:5.54573,877.6,219.1,fixation
12:11:5.54622,878.2,217.6,fixation
12:11:5.54672,878.5,218.4,fixation
12:11:5.54721,878.0,222.8,fixation
12:11:5.54770,877.2,222.9,fixation
12:11:5.5482,876.5,222.8,fixation
12:11:5.54869,875.9,222.1,fixation
12:11:5.54918,875.8,220.0,fixation
12:11:5.54967,876.0,216.9,fixation
12:11:5.55017,876.0,216.6,fixation
12:11:5.55066,876.0,216.8,fixation
12:11:5.55115,877.3,217.0,fixation
12:11:5.55164,878.5,216.4,fixation
12:11:5.55214,878.7,216.2,fixation
12:11:5.55263,879.5,217.0,fixation
12:11:5.55312,879.7,218.7,fixation
12:11:5.55362,879.6,219.5,fixation
12:11:5.55411,880.4,218.6,fixation
12:11:5.55460,880.8,219.3,fixation
12:11:5.55509,881.1,219.8,fixation
12:11:5.55559,881.6,218.9,fixation
12:11:5.55608,880.9,220.5,fixation
12:11:5.55657,880.0,223.0,fixation
12:11:5.55706,879.9,225.2,fixation
12:11:5.55756,879.7,228.9,fixation
12:11:5.55805,879.0,230.1,fixation
12:11:5.55854,877.7,229.4,fixation
12:11:5.55903,879.1,229.1,fixation
12:11:5.55953,880.2,229.2,fixation
12:11:5.56002,880.3,226.8,fixation
12:11:5.56051,880.4,226.0,fixation
12:11:5.56101,880.2,224.8,fixation
12:11:5.56150,879.7,223.2,fixation
12:11:5.56199,879.5,220.7,fixation
12:11:5.56248,879.4,220.6,fixation
12:11:5.56298,879.9,221.4,fixation
12:11:5.56347,880.4,221.9,fixation
12:11:5.56396,880.4,221.8,fixation
12:11:5.56445,880.3,222.1,fixation
12:11:5.56495,880.1,222.1,fixation
12:11:5.56544,879.8,222.2,fixation
12:11:5.56593,880.1,222.2,fixation
12:11:5.56642,880.9,222.3,fixation
12:11:5.56692,881.0,222.4,fixation
12:11:5.56741,880.9,224.8,fixation
12:11:5.56790,880.8,225.1,fixation
12:11:5.5684,880.3,224.8,fixation
12:11:5.56889,880.2,223.9,fixation
12:11:5.56938,880.1,222.8,fixation
12:11:5.56987,879.8,226.7,fixation
12:11:5.57037,881.0,228.3,fixation
12:11:5.57086,881.6,227.1,fixation
12:11:5.57135,881.7,228.8,fixation
12:11:5.57184,881.7,231.0,fixation
12:11:5.57234,880.5,231.6,fixation
12:11:5.57283,879.8,232.3,fixation
12:11:5.57332,880.1,233.2,fixation
12:11:5.57381,880.8,233.2,fixation
12:11:5.57431,881.0,231.1,fixation
12:11:5.57480,881.2,229.0,fixation
12:11:5.57529,881.3,227.7,fixation
12:11:5.57579,881.2,227.3,fixation
12:11:5.57628,880.7,225.7,fixation
12:11:5.57677,880.4,223.8,fixation
12:11:5.57726,880.3,224.0,fixation
12:11:5.57776,880.5,224.1,fixation
12:11:5.57825,880.4,223.4,fixation
12:11:5.57874,880.3,223.6,fixation
12:11:5.57923,880.5,222.1,fixation
12:11:5.57973,881.6,220.1,fixation
12:11:5.58022,881.1,221.1,fixation
12:11:5.58071,879.9,222.2,fixation
12:11:5.58121,880.5,223.0,fixation
12:11:5.58170,881.6,224.2,fixation
12:11:5.58219,881.0,224.2,fixation
12:11:5.58268,880.5,225.0,fixation
12:11:5.58318,880.0,226.5,fixation
12:11:5.58367,879.8,227.9,fixation
12:11:5.58416,880.3,228.6,fixation
12:11:5.58465,881.1,227.8,fixation
12:11:5.58515,881.1,227.8,fixation
12:11:5.58564,880.6,227.8,fixation
12:11:5.58613,880.1,229.1,fixation
12:11:5.58662,879.9,230.1,fixation
12:11:5.58712,879.6,230.3,fixation
12:11:5.58761,879.6,230.4,fixation
12:11:5.58810,879.6,229.9,fixation
12:11:5.5886,879.8,229.3,fixation
12:11:5.58909,880.0,228.9,fixation
12:11:5.58958,879.6,228.0,fixation
12:11:5.59007,879.0,227.0,fixation
12:11:5.59057,879.6,226.9,fixation
12:11:5.59106,880.4,225.8,fixation
12:11:5.59155,880.0,222.5,fixation
12:11:5.59204,879.3,223.0,fixation
12:11:5.59254,879.0,224.0,fixation
12:11:5.59303,878.8,224.0,fixation
12:11:5.59352,878.8,224.5,fixation
12:11:5.59401,878.7,224.8,fixation
12:11:5.59451,878.7,226.6,fixation
12:11:5.59500,878.5,225.2,fixation
12:11:5.59549,878.1,222.2,fixation
12:11:5.59599,878.1,221.4,fixation
12:11:5.59648,878.6,216.5,fixation
12:11:5.59697,878.4,215.1,fixation
12:11:5.59746,877.9,215.1,fixation
12:11:5.59796,878.0,214.5,fixation
12:11:5.59845,878.5,214.4,fixation
12:11:5.59894,878.9,213.9,fixation
12:11:5.59943,878.5,213.8,fixation
12:11:5.59993,878.2,215.1,fixation
12:11:5.60042,877.9,215.7,fixation
12:11:5.60091,877.6,216.4,fixation
12:11:5.60141,877.7,216.5,fixation
12:11:5.60190,878.4,216.8,fixation
12:11:5.60239,880.0,217.1,fixation
12:11:5.60288,879.7,217.8,fixation
12:11:5.60338,879.2,218.6,fixation
12:11:5.60387,879.5,218.7,fixation
12:11:5.60436,879.6,218.4,fixation
12:11:5.60485,879.9,220.2,fixation
12:11:5.60535,880.2,223.6,fixation
12:11:5.60584,880.4,224.8,fixation
12:11:5.60633,880.7,224.6,fixation
12:11:5.60682,880.8,223.9,fixation
12:11:5.60732,880.5,223.3,fixation
12:11:5.60781,880.3,222.2,fixation
12:11:5.60830,881.0,220.1,fixation
12:11:5.6088,880.5,216.9,fixation
12:11:5.60929,881.2,217.1,fixation
12:11:5.60978,881.8,217.2,saccade
12:11:5.61027,882.0,215.0,saccade
12:11:5.61077,880.8,215.0,saccade
12:11:5.61126,877.2,212.6,saccade
12:11:5.61175,869.3,211.7,saccade
12:11:5.61224,855.9,212.0,saccade
12:11:5.61274,840.0,207.4,saccade
12:11:5.61323,822.8,203.3,saccade
12:11:5.61372,805.0,202.4,saccade
12:11:5.61421,786.4,201.5,saccade
12:11:5.61471,773.4,199.7,saccade
12:11:5.61520,768.5,198.8,saccade
12:11:5.61569,771.0,198.9,saccade
12:11:5.61619,776.5,198.9,fixation
12:11:5.61668,783.9,198.8,fixation
12:11:5.61717,790.3,198.6,fixation
12:11:5.61766,794.2,197.9,fixation
12:11:5.61816,795.8,199.3,fixation
12:11:5.61865,795.4,201.2,fixation
12:11:5.61914,795.0,201.6,fixation
12:11:5.61963,794.3,201.5,fixation
12:11:5.62013,794.1,202.5,fixation
12:11:5.62062,793.7,204.6,fixation
12:11:5.62111,793.7,209.1,fixation
12:11:5.62160,793.5,210.3,fixation
12:11:5.6221,792.2,211.0,fixation
12:11:5.62259,790.9,213.8,fixation
12:11:5.62308,791.5,214.6,fixation
12:11:5.62358,792.0,214.8,fixation
12:11:5.62407,791.1,214.9,fixation
12:11:5.62456,790.2,214.6,fixation
12:11:5.62505,790.1,213.7,fixation
12:11:5.62555,790.1,212.7,fixation
12:11:5.62604,790.3,210.9,fixation
12:11:5.62653,790.3,208.4,fixation
12:11:5.62702,790.0,206.1,fixation
12:11:5.62752,789.8,202.9,fixation
12:11:5.62801,789.7,203.4,fixation
12:11:5.62850,789.8,204.2,fixation
12:11:5.629,789.7,203.7,fixation
12:11:5.62949,789.6,203.6,fixation
12:11:5.62998,789.4,203.6,fixation
12:11:5.63047,788.5,204.2,fixation
12:11:5.63097,787.9,204.8,fixation
12:11:5.63146,787.5,204.4,fixation
12:11:5.63195,787.6,204.5,fixation
12:11:5.63244,787.6,204.6,fixation
12:11:5.63294,787.9,202.5,fixation
12:11:5.63343,788.3,203.6,fixation
12:11:5.63392,788.4,204.3,fixation
12:11:5.63441,788.1,204.8,fixation
12:11:5.63491,787.4,204.5,fixation
12:11:5.63540,787.4,204.1,fixation
12:11:5.63589,787.2,204.5,fixation
12:11:5.63639,787.1,204.1,fixation
12:11:5.63688,786.8,204.9,fixation
12:11:5.63737,786.8,202.8,fixation
12:11:5.63786,786.6,201.9,fixation
12:11:5.63836,786.2,201.8,fixation
12:11:5.63885,787.2,203.2,fixation
12:11:5.63934,787.6,205.2,fixation
12:11:5.63983,787.0,204.3,fixation
12:11:5.64033,787.6,202.3,fixation
12:11:5.64082,787.0,202.6,fixation
12:11:5.64131,786.5,202.6,fixation
12:11:5.64180,787.3,202.3,fixation
12:11:5.6423,787.5,202.9,fixation
12:11:5.64279,787.3,203.4,fixation
12:11:5.64328,787.8,202.5,fixation
12:11:5.64378,788.5,202.2,fixation
12:11:5.64427,788.5,202.2,fixation
12:11:5.64476,788.8,202.4,fixation
12:11:5.64525,788.9,201.0,fixation
12:11:5.64575,788.9,199.3,fixation
12:11:5.64624,788.9,200.0,fixation
12:11:5.64673,789.7,201.0,fixation
12:11:5.64722,790.4,202.7,fixation
12:11:5.64772,790.9,203.7,fixation
12:11:5.64821,790.3,204.5,fixation
12:11:5.64870,790.1,204.9,fixation
12:11:5.64919,790.4,206.1,fixation
12:11:5.64969,790.7,206.4,fixation
12:11:5.65018,790.7,206.4,fixation
12:11:5.65067,791.2,206.6,fixation
12:11:5.65117,791.6,206.7,fixation
12:11:5.65166,791.9,207.2,fixation
12:11:5.65215,792.1,207.5,fixation
12:11:5.65264,792.2,208.3,fixation
12:11:5.65314,791.6,210.6,fixation
12:11:5.65363,790.6,212.9,fixation
12:11:5.65412,789.8,211.5,fixation
12:11:5.65461,789.0,212.3,fixation
12:11:5.65511,788.9,212.7,fixation
12:11:5.65560,789.9,211.5,fixation
12:11:5.65609,790.3,210.0,fixation
12:11:5.65659,789.6,209.6,fixation
12:11:5.65708,789.5,211.9,fixation
12:11:5.65757,789.5,215.6,fixation
12:11:5.65806,788.7,212.5,fixation
12:11:5.65856,787.5,209.1,fixation
12:11:5.65905,787.7,210.1,fixation
12:11:5.65954,788.1,211.9,fixation
12:11:5.66003,788.1,211.7,fixation
12:11:5.66053,788.1,212.1,fixation
12:11:5.66102,787.4,213.0,fixation
12:11:5.66151,787.6,212.6,fixation
12:11:5.66200,787.9,211.2,fixation
12:11:5.6625,787.7,212.2,fixation
12:11:5.66299,787.9,212.0,fixation
12:11:5.66348,787.8,208.4,fixation
12:11:5.66398,787.4,207.5,fixation
12:11:5.66447,787.0,207.5,fixation
12:11:5.66496,787.4,208.3,fixation
12:11:5.66545,787.8,210.5,fixation
12:11:5.66595,787.9,211.4,fixation
12:11:5.66644,787.3,211.8,fixation
12:11:5.66693,786.9,211.4,fixation
12:11:5.66742,787.2,211.3,fixation
12:11:5.66792,787.1,211.9,fixation
12:11:5.66841,786.5,210.6,fixation
12:11:5.66890,786.0,210.7,fixation
12:11:5.66939,785.8,212.6,fixation
12:11:5.66989,785.5,210.5,fixation
12:11:5.67038,785.3,210.1,fixation
12:11:5.67087,785.6,210.8,fixation
12:11:5.67137,786.8,211.3,fixation
12:11:5.67186,786.1,210.0,fixation
12:11:5.67235,785.1,209.1,fixation
12:11:5.67284,785.4,210.5,fixation
12:11:5.67334,786.0,211.4,fixation
12:11:5.67383,785.6,210.7,fixation
12:11:5.67432,785.5,210.4,fixation
12:11:5.67481,785.9,210.6,fixation
12:11:5.67531,785.6,211.0,fixation
12:11:5.67580,785.1,211.0,fixation
12:11:5.67629,785.0,210.8,fixation
12:11:5.67679,785.2,210.9,fixation
12:11:5.67728,785.5,210.7,fixation
12:11:5.67777,785.4,210.0,fixation
12:11:5.67826,785.4,211.5,fixation
12:11:5.67876,785.3,213.1,fixation
12:11:5.67925,786.0,212.8,fixation
12:11:5.67974,786.5,210.6,fixation
12:11:5.68023,786.3,208.4,fixation
12:11:5.68073,785.4,208.3,fixation
12:11:5.68122,785.3,209.0,fixation
12:11:5.68171,785.5,208.1,fixation
12:11:5.68220,785.8,207.2,fixation
12:11:5.6827,785.7,207.1,fixation
12:11:5.68319,785.6,207.5,fixation
12:11:5.68368,786.0,208.5,fixation
12:11:5.68418,786.0,208.9,fixation
12:11:5.68467,786.4,208.9,fixation
12:11:5.68516,786.4,207.3,fixation
12:11:5.68565,786.2,206.4,fixation
12:11:5.68615,786.8,206.8,fixation
12:11:5.68664,787.1,206.7,fixation
12:11:5.68713,787.5,207.4,fixation
12:11:5.68762,787.1,207.9,fixation
12:11:5.68812,787.5,208.1,fixation
12:11:5.68861,789.0,207.7,fixation
12:11:5.68910,789.2,208.3,fixation
12:11:5.68959,789.3,208.3,fixation
12:11:5.69009,789.9,207.6,fixation
12:11:5.69058,790.5,207.8,fixation
12:11:5.69107,790.8,207.6,fixation
12:11:5.69157,791.3,209.7,fixation
12:11:5.69206,791.2,212.5,fixation
12:11:5.69255,791.0,213.2,fixation
12:11:5.69304,790.4,213.4,fixation
12:11:5.69354,790.3,214.2,fixation
12:11:5.69403,791.0,215.7,fixation
12:11:5.69452,791.5,216.4,fixation
12:11:5.69501,791.4,217.5,fixation
12:11:5.69551,791.6,218.9,fixation
12:11:5.69600,792.0,218.8,fixation
12:11:5.69649,791.7,218.5,fixation
12:11:5.69698,791.2,218.5,fixation
12:11:5.69748,790.0,217.6,fixation
12:11:5.69797,790.0,214.6,fixation
12:11:5.69846,790.1,215.3,fixation
12:11:5.69896,789.4,215.7,fixation
12:11:5.69945,789.4,216.1,fixation
12:11:5.69994,788.4,215.0,fixation
12:11:5.70043,787.1,214.2,fixation
12:11:5.70093,786.6,214.4,fixation
12:11:5.70142,786.3,214.7,fixation
12:11:5.70191,786.1,214.9,fixation
12:11:5.70240,785.8,214.2,fixation
12:11:5.7029,786.0,213.4,fixation
12:11:5.70339,785.8,212.5,fixation
12:11:5.70388,784.8,211.8,saccade
12:11:5.70438,783.3,210.5,saccade
12:11:5.70487,782.7,209.3,saccade
12:11:5.70536,784.7,210.1,saccade
12:11:5.70585,794.0,212.0,saccade
12:11:5.70635,804.4,211.0,saccade
12:11:5.70684,817.8,210.9,saccade
12:11:5.70733,836.8,215.1,saccade
12:11:5.70782,858.0,218.7,saccade
12:11:5.70832,875.4,218.4,saccade
12:11:5.70881,883.3,213.3,saccade
12:11:5.70930,883.0,208.4,saccade
12:11:5.70979,876.7,207.1,saccade
12:11:5.71029,869.4,208.9,saccade
12:11:5.71078,863.0,212.9,fixation
12:11:5.71127,856.6,213.9,fixation
12:11:5.71177,853.0,217.3,fixation
12:11:5.71226,851.5,220.6,fixation
12:11:5.71275,850.9,220.2,fixation
12:11:5.71324,850.4,216.7,fixation
12:11:5.71374,850.2,216.1,fixation
12:11:5.71423,850.2,216.3,fixation
12:11:5.71472,850.2,216.3,fixation
12:11:5.71521,850.2,214.8,fixation
12:11:5.71571,850.6,214.6,fixation
12:11:5.71620,851.0,216.4,fixation
12:11:5.71669,852.3,217.6,fixation
12:11:5.71718,851.8,217.5,fixation
12:11:5.71768,851.6,217.5,fixation
12:11:5.71817,851.5,217.8,fixation
12:11:5.71866,851.5,218.3,fixation
12:11:5.71916,851.4,219.5,fixation
12:11:5.71965,851.2,219.2,fixation
12:11:5.72014,851.6,217.5,fixation
12:11:5.72063,851.6,216.7,fixation
12:11:5.72113,851.6,217.7,fixation
12:11:5.72162,852.1,219.0,fixation
12:11:5.72211,852.8,218.7,fixation
12:11:5.72260,853.3,217.8,fixation
12:11:5.7231,853.7,215.1,fixation
12:11:5.72359,853.7,214.1,fixation
12:11:5.72408,853.6,215.5,fixation
12:11:5.72458,853.5,217.8,fixation
12:11:5.72507,853.6,219.8,fixation
12:11:5.72556,854.2,218.6,fixation
12:11:5.72605,854.8,219.0,fixation
12:11:5.72655,854.4,219.1,fixation
12:11:5.72704,855.3,219.8,fixation
12:11:5.72753,856.3,219.9,fixation
12:11:5.72802,856.4,219.3,fixation
12:11:5.72852,857.0,218.8,fixation
12:11:5.72901,857.3,218.3,fixation
12:11:5.72950,857.2,216.8,fixation
12:11:5.72999,856.8,215.5,fixation
12:11:5.73049,856.4,215.8,fixation
12:11:5.73098,856.3,217.5,fixation
12:11:5.73147,856.2,217.7,fixation
12:11:5.73197,856.0,217.8,fixation
12:11:5.73246,855.3,218.1,fixation
12:11:5.73295,853.7,217.1,fixation
12:11:5.73344,852.4,215.4,fixation
12:11:5.73394,852.2,214.5,fixation
12:11:5.73443,852.1,214.5,fixation
12:11:5.73492,851.0,214.8,fixation
12:11:5.73541,850.7,215.9,fixation
12:11:5.73591,851.7,216.6,fixation
12:11:5.73640,852.1,214.8,fixation
12:11:5.73689,853.4,212.9,fixation
12:11:5.73738,854.7,214.2,fixation
12:11:5.73788,855.7,215.9,fixation
12:11:5.73837,856.7,216.1,fixation
12:11:5.73886,857.3,216.2,fixation
12:11:5.73936,857.5,215.1,fixation
12:11:5.73985,857.4,212.9,fixation
12:11:5.74034,856.2,212.1,fixation
12:11:5.74083,854.8,211.7,fixation
12:11:5.74133,854.7,209.9,fixation
12:11:5.74182,852.9,209.9,fixation
12:11:5.74231,851.4,210.6,fixation
12:11:5.74280,851.4,211.2,fixation
12:11:5.7433,851.5,213.2,fixation
12:11:5.74379,851.8,214.7,fixation
12:11:5.74428,852.9,215.7,fixation
12:11:5.74477,853.9,215.9,fixation
12:11:5.74527,854.5,215.7,fixation
12:11:5.74576,855.8,215.1,fixation
12:11:5.74625,857.3,214.6,fixation
12:11:5.74675,857.2,216.7,fixation
12:11:5.74724,857.3,217.4,fixation
12:11:5.74773,856.3,212.8,fixation
12:11:5.74822,855.2,211.2,fixation
12:11:5.74872,854.6,211.4,fixation
12:11:5.74921,854.0,211.7,fixation
12:11:5.74970,853.5,212.8,fixation
12:11:5.75019,852.1,216.1,fixation
12:11:5.75069,851.5,215.9,fixation
12:11:5.75118,850.8,215.3,fixation
12:11:5.75167,851.1,215.6,fixation
12:11:5.75217,852.3,215.7,fixation
12:11:5.75266,852.8,216.2,fixation
12:11:5.75315,853.7,215.5,fixation
12:11:5.75364,854.2,212.5,fixation
12:11:5.75414,854.2,212.9,fixation
12:11:5.75463,854.4,217.7,fixation
12:11:5.75512,855.8,217.5,fixation
12:11:5.75561,856.2,215.7,fixation
12:11:5.75611,855.9,216.3,fixation
12:11:5.75660,855.7,217.1,fixation
12:11:5.75709,855.7,217.8,fixation
12:11:5.75758,854.9,217.9,fixation
12:11:5.75808,854.1,218.6,fixation
12:11:5.75857,854.1,219.5,fixation
12:11:5.75906,854.1,220.9,fixation
12:11:5.75956,853.1,222.7,fixation
12:11:5.76005,852.5,221.6,fixation
12:11:5.76054,852.6,221.0,fixation
12:11:5.76103,852.4,220.8,fixation
12:11:5.76153,851.8,220.8,fixation
12:11:5.76202,851.3,221.2,fixation
12:11:5.76251,851.0,220.6,fixation
12:11:5.76300,850.8,219.3,fixation
12:11:5.7635,851.0,219.0,fixation
12:11:5.76399,851.1,218.3,saccade
12:11:5.76448,851.0,218.0,saccade
12:11:5.76497,849.7,217.0,saccade
12:11:5.76547,844.5,216.8,saccade
12:11:5.76596,835.4,214.4,saccade
12:11:5.76645,819.7,213.0,saccade
12:11:5.76695,798.9,209.7,saccade
12:11:5.76744,777.1,209.6,saccade
12:11:5.76793,759.6,211.3,saccade
12:11:5.76842,748.8,212.3,saccade
12:11:5.76892,742.2,212.3,saccade
12:11:5.76941,740.1,212.0,saccade
12:11:5.76990,743.9,213.4,saccade
12:11:5.77039,749.5,216.1,fixation
12:11:5.77089,754.3,216.8,fixation
12:11:5.77138,759.6,216.1,fixation
12:11:5.77187,763.6,214.5,fixation
12:11:5.77237,765.3,212.6,fixation
12:11:5.77286,766.2,212.8,fixation
12:11:5.77335,766.9,213.3,fixation
12:11:5.77384,767.6,212.2,fixation
12:11:5.77434,767.8,211.8,fixation
12:11:5.77483,768.0,212.5,fixation
12:11:5.77532,767.4,211.9,fixation
12:11:5.77581,765.8,211.2,fixation
12:11:5.77631,765.0,211.6,fixation
12:11:5.77680,764.6,212.6,fixation
12:11:5.77729,763.7,213.2,fixation
12:11:5.77778,763.4,215.5,fixation
12:11:5.77828,762.6,216.8,fixation
12:11:5.77877,761.9,217.8,fixation
12:11:5.77926,762.0,217.7,fixation
12:11:5.77976,761.6,216.9,fixation
12:11:5.78025,761.4,216.4,fixation
12:11:5.78074,761.2,217.2,fixation
12:11:5.78123,760.9,219.3,fixation
12:11:5.78173,760.3,222.4,fixation
12:11:5.78222,759.5,223.2,fixation
12:11:5.78271,759.3,223.4,fixation
12:11:5.78320,759.5,223.0,fixation
12:11:5.7837,758.9,221.4,fixation
12:11:5.78419,758.6,219.5,fixation
12:11:5.78468,758.9,219.2,fixation
12:11:5.78517,760.1,218.6,fixation
12:11:5.78567,760.6,217.2,fixation
12:11:5.78616,760.5,216.4,fixation
12:11:5.78665,759.8,216.1,fixation
12:11:5.78715,760.0,214.8,fixation
12:11:5.78764,760.6,213.1,fixation
12:11:5.78813,760.7,213.4,fixation
12:11:5.78862,760.7,213.5,fixation
12:11:5.78912,760.5,213.0,fixation
12:11:5.78961,760.8,213.3,fixation
12:11:5.79010,760.6,214.6,fixation
12:11:5.79059,760.4,213.7,fixation
12:11:5.79109,760.3,212.6,fixation
12:11:5.79158,760.2,212.4,fixation
12:11:5.79207,759.8,211.4,fixation
12:11:5.79256,759.3,211.3,fixation
12:11:5.79306,759.2,210.6,fixation
12:11:5.79355,760.1,209.9,fixation
12:11:5.79404,760.3,209.6,fixation
12:11:5.79454,760.2,208.1,fixation
12:11:5.79503,759.8,207.9,fixation
12:11:5.79552,759.5,208.5,fixation
12:11:5.79601,759.4,208.3,fixation
12:11:5.79651,759.5,209.2,fixation
12:11:5.79700,759.8,213.8,fixation
12:11:5.79749,760.6,215.4,fixation
12:11:5.79798,760.2,215.8,fixation
12:11:5.79848,759.7,215.1,fixation
12:11:5.79897,759.7,213.7,fixation
12:11:5.79946,758.9,214.2,fixation
12:11:5.79996,758.2,214.2,fixation
12:11:5.80045,758.3,213.5,fixation
12:11:5.80094,758.1,214.5,fixation
12:11:5.80143,757.9,214.2,fixation
12:11:5.80193,758.0,213.8,fixation
12:11:5.80242,758.0,213.3,fixation
12:11:5.80291,757.8,213.5,fixation
12:11:5.80340,758.0,213.3,fixation
12:11:5.8039,758.3,213.2,fixation
12:11:5.80439,758.0,214.4,fixation
12:11:5.80488,757.6,214.7,fixation
12:11:5.80537,757.7,215.5,fixation
12:11:5.80587,757.8,216.0,fixation
12:11:5.80636,757.8,216.4,fixation
12:11:5.80685,757.9,216.5,fixation
12:11:5.80735,758.4,217.5,fixation
12:11:5.80784,758.5,220.8,fixation
12:11:5.80833,758.6,219.4,fixation
12:11:5.80882,758.9,215.1,fixation
12:11:5.80932,759.2,214.6,fixation
12:11:5.80981,757.8,215.0,fixation
12:11:5.81030,757.9,215.7,fixation
12:11:5.81079,758.0,214.9,fixation
